id,ime,kategorija,dolzina,sirina,leto,uporabljenost,cena,lokacija
517178,Wim van der Valk 37 M Explorer,['Superyacht'],36.8,7.75,2015,Used Boat,12900000,Croatia
534942,ISA Yachts Isa 120 Sport,['Superyacht'],36.45,7.4,2017,Used Boat,9500000,Croatia
536075,Maiora 33 DP,['Superyacht'],33.0,6.76,2007,Used Boat,3600000,Croatia
524618,"San Lorenzo San Lorenzo 108""",['Superyacht'],32.92,7.32,2008,Used Boat,3990000,Croatia
495348,Ferretti Custom Line 108,['Superyacht'],32.9,7.75,2016,Used Boat,7800000,Croatia
306114,Sunseeker 105,['Superyacht'],32.0,6.3,2003,Used Boat,2500000,Croatia
220074,Sunseeker 30M Yacht,['Superyacht'],29.8,6.9,2011,Used Boat,4500000,Croatia
524924,Gustafsson & Andersson Varvs 30m,['Motor Yacht'],29.5,5.66,1966,Used Boat,600000,Croatia
523727,Gustafsson & Anderssons Vervs 30m,['Motor Yacht'],29.5,5.66,1966,Used Boat,600000,Croatia
477215,Gustafsson Anderssons Vervs Ab 30 m,['Superyacht'],29.5,5.66,1966,Used Boat,600000,Croatia
548634,Sunseeker 94 Yacht,['Superyacht'],28.14,6.3,2004,Used Boat,1490000,Croatia
304409,Sunseeker 28 Metre Yacht,['Superyacht'],28.14,6.4,2013,Used Boat,4233000,Croatia
463398,Selene 92 Explorer,['Trawler'],28.02,7.24,2024,New Boat from Stock,5375000,Slovenia
504685,Conrad 91,['Sailing Yacht'],27.93,7.48,2016,Used Boat,4900000,Croatia
524774,Dominator 86 S,['Motor Yacht'],27.2,6.6,2006,Used Boat,1500000,Croatia
521153,Oyster 885,['Sailing Yacht'],27.08,6.33,2015,Used Boat,5450000,Slovenia
549371,Azimut Grande 27 Metri,"['Flybridge', 'Motor Yacht']",27.0,6.59,2020,Used Boat,5900000,Croatia
486385,Battello AMORELLA,['Trawler'],27.0,6.1,1953,Used Boat,470000,Croatia
509945,Pershing 88,['Hardtop'],26.96,6.23,2004,Used Boat,1300000,Croatia
499999,Azimut 27 Grande,"['Flybridge', 'Motor Yacht']",26.78,6.59,2018,Used Boat,5700000,Croatia
347455,Sanlorenzo 88,['Superyacht'],26.75,6.75,2008,Used Boat,3200000,Croatia
460713,Raised Pilothouse,['Pilothouse'],25.5,6.6,2023,New Boat on Order,3997000,Slovenia
531499,Sanlorenzo 82,"['Flybridge', 'Motor Yacht']",25.0,6.0,2000,Used Boat,749000,Croatia
525839,Princess Y75,['Motor Yacht'],24.8,5.76,2019,Used Boat,3490000,Croatia
510840,Cormorant COR780,['Trawler'],24.4,6.25,2023,New boat preordered,2090000,Slovenia
516159,Oceanco 25M - REFIT !!,"['Flybridge', 'Motor Yacht']",24.3,6.3,1995,Used Boat,1800000,Croatia
463396,Selene 78 Explorer,['Trawler'],23.96,6.56,2024,New Boat from Stock,3863000,Slovenia
487336,Numarine 26 XP - 2018,"['Flybridge', 'Motor Yacht']",23.95,6.6,2018,Used Boat,3780000,Croatia
515121,Sanlorenzo 82,['Motor Yacht'],23.9,6.1,2000,Used Boat,749000,Croatia
510812,Pershing 80,['Motor Yacht'],23.9,5.5,2010,Used Boat,2450000,Croatia
284556,Bandido Yachts 75,['Superyacht'],23.67,6.6,2012,Used Boat,1850000,Croatia
530237,"Mochi Craft 22,5 Axis",['Motor Yacht'],23.6,6.6,2003,Used Boat,770000,Croatia
525730,Nautor Swan SWAN 77 RS,['Sailing Yacht'],23.47,5.9,1997,Used Boat,1350000,Croatia
465804,Selene 72' Explorer,['Trawler'],23.11,5.92,2024,New Boat from Stock,3115000,Slovenia
536477,Dominator 780S,['Motor Yacht'],23.1,6.0,2009,Used Boat,1795000,Croatia
538751,Elegance 76,"['Flybridge', 'Motor Yacht']",23.0,5.7,2002,Used Boat,590000,Croatia
543047,Elegance New Line 76,['Motor Yacht'],23.0,5.7,2002,Used Boat,660000,Croatia
537309,Absolute Navetta 75,['Superyacht'],22.82,5.61,2024,New Boat on Order,4618370,Croatia
550881,Sunseeker Manhattan 73,['Motor Yacht'],22.6,5.74,2012,Used Boat,1980000,Croatia
531295,"Mochi Craft MOCHI 22,50 AXIS",['Motor Yacht'],22.5,6.6,2003,Used Boat,860000,Croatia
508550,Bruce Roberts 65,['Sailing Yacht'],22.44,5.06,1993,Used Boat,280000,Croatia
419694,Bruce Roberts 65,['Sailing Yacht'],22.44,5.06,1993,Used Boat,220000,Croatia
527758,Fairline Squadron 78 Custom,['Motor Yacht'],22.39,5.64,2013,Used Boat,1590000,Croatia
544031,Absolute Navetta 73,['Motor Yacht'],22.38,5.58,2018,Used Boat,3400000,Croatia
526390,Princess 72,"['Flybridge', 'Motor Yacht']",22.35,5.49,2012,Used Boat,1795000,Croatia
510051,Cayman 70,"['Flybridge', 'Motor Yacht']",22.2,5.45,2009,Used Boat,925000,Croatia
473802,Ferretti YACHTS 730,['Motor Yacht'],22.2,5.48,2003,Used Boat,800000,Croatia
539349,Sunseeker predator 72,['Motor Yacht'],22.0,5.4,2008,Used Boat,795000,Croatia
453583,CCYD 200,"['Flybridge', 'Motor Yacht']",22.0,5.3,1990,Used Boat,580000,Croatia
288670,Wooden Passenger Motor Sailer,['Motorsailer'],22.0,5.0,1950,Used Boat,242000,Croatia
528732,Jongert 20S,['Sailing Yacht'],21.95,5.4,2010,Used Boat,850000,Croatia
547160,Vitech Marine 76,"['Flybridge', 'Motor Yacht']",21.8,5.8,2007,Used Boat,629000,Croatia
533033,Vitech 72 FLY - 5 KABINEN,"['Flybridge', 'Motor Yacht']",21.8,5.8,2007,Used Boat,599000,Croatia
520916,Vitech Aquamarine 76,['Motor Yacht'],21.8,5.8,2007,Used Boat,629000,Croatia
516590,Fashion Yachts FASHION 68,['Hardtop'],21.8,5.45,2008,Used Boat,730000,Croatia
504992,Fashion 68,['Motor Yacht'],21.8,5.45,2008,Used Boat,730000,Croatia
463395,Selene 66,['Trawler'],21.77,5.69,2024,New Boat from Stock,2034000,Slovenia
523387,Jaguar 72 HT - MODEL 2010,['Motor Yacht'],21.72,5.6,2010,Used Boat,599000,Croatia
471991,Dominator 68S,['Motor Yacht'],21.7,5.5,2004,Used Boat,680000,Croatia
483734,"LEERANER 21,60 - STAHLJACHT - 1993",['Trawler'],21.6,5.2,1993,Used Boat,499000,Croatia
545371,Almtrawler Delfino 65,['Motor Yacht'],21.55,6.2,2015,Used Boat,1750000,Croatia
537720,Monachus 70 FLY,"['Flybridge', 'Motor Yacht']",21.5,5.8,2022,Used Boat,2100000,Croatia
521434,Fashion Yachts 68,['Hardtop'],21.5,5.62,2008,Used Boat,730000,Croatia
510838,Cormorant COR690,['Trawler'],21.5,6.25,2023,New boat preordered,1450000,Slovenia
524559,Sanlorenzo 70,['Motor Yacht'],21.4,5.6,1993,Used Boat,269000,Croatia
550241,Abacus 70,"['Flybridge', 'Motor Yacht']",21.37,5.48,2008,Used Boat,700000,Croatia
510710,Menorquin Sasga Yachts 68 Fb,['Motor Yacht'],21.3,5.8,2024,New boat preordered,2380830,Slovenia
471432,Aicon 64,['Motor Yacht'],21.3,5.31,2007,Used Boat,600000,Croatia
545067,Elegance Yachts 70,['Flybridge'],21.2,5.76,1998,Used Boat,500000,Croatia
518531,Elegance 70 FLY,"['Flybridge', 'Motor Yacht']",21.2,5.76,1998,Used Boat,599000,Croatia
511360,Elegance 70,"['Flybridge', 'Motor Yacht']",21.2,5.7,2006,Used Boat,809000,Croatia
552575,Azimut 68 S,['Hardtop'],21.17,5.07,2005,Used Boat,620000,Croatia
533016,Monachus 70 Sport top,['Motor Yacht'],21.1,5.8,2023,New boat preordered,2596000,Croatia
531705,Monachus 70,['Motor Yacht'],21.1,5.8,2023,New Boat on Order,2695000,Croatia
526208,Hanse 675,['Sailing Yacht'],21.1,5.9,2018,Used Boat,1290000,Croatia
492336,Monachus Yachts - Monachus 70 Fly,['Motor Yacht'],21.1,5.8,2022,Display Model,2100000,Croatia
319515,Sunseeker Manhattan 63,"['Flybridge', 'Motor Yacht']",21.09,5.13,2011,Used Boat,980000,Croatia
426358,Sessa C68,['Motor Yacht'],21.04,5.07,2012,Used Boat,1050000,Croatia
530213,Princess 67 FLY - BJ. 2008,"['Flybridge', 'Motor Yacht']",21.0,5.23,2008,Used Boat,950000,Slovenia
515805,AICON Yachts Aicon 64 Fly,"['Flybridge', 'Motor Yacht']",21.0,5.3,2009,Used Boat,689000,Croatia
364703,Selene 62,['Motor Yacht'],20.98,5.69,2024,New Boat from Stock,1828000,Slovenia
546669,Princess 67 FLY - BJ. 2006,"['Flybridge', 'Motor Yacht']",20.9,5.23,2006,Used Boat,699000,Croatia
419192,Galeon 640 Fly NEW BOAT,['Motor Yacht'],20.8,5.0,2023,New Boat on Order,1867200,Slovenia
541746,Princess 67,['Motor Yacht'],20.75,5.23,2006,Used Boat,699000,Croatia
499575,Posillipo-Rizzardi TECHNEMA 65,"['Flybridge', 'Motor Yacht']",20.5,5.7,1985,Used Boat,199000,Croatia
537406,Sunseeker Predator 64,['Motor Yacht'],20.4,4.95,2011,Used Boat,1230000,Croatia
519646,Sunseeker Predator 64,['Motor Yacht'],20.4,4.95,2011,Used Boat,750000,Croatia
524204,Princess V65,['Hardtop'],20.33,5.08,2009,Used Boat,825000,Croatia
239523,Dominator 65 Classic line,['Motor Yacht'],20.3,5.5,2002,Used Boat,475000,Croatia
511359,Ferretti YACHTS 670,['Motor Yacht'],20.24,5.38,2021,Used Boat,2440000,Croatia
526293,X-Yachts X-65,['Sailing Yacht'],20.01,5.36,2010,Used Boat,1050000,Slovenia
550004,Canados 70,"['Flybridge', 'Motor Yacht']",20.0,4.65,1984,Used Boat,120000,Croatia
515787,Tecnomarine T62,['Motor Yacht'],20.0,5.25,1989,Used Boat,239000,Croatia
510836,Cormorant COR66 RAV,['Trawler'],19.95,5.42,2023,New boat preordered,1850000,Slovenia
552100,Sunseeker Manhattan 64,"['Flybridge', 'Motor Yacht']",19.92,5.2,2000,Used Boat,450000,Croatia
549352,Horizon Elegance 64 1st owner Ralf Schumacher,"['Flybridge', 'Motor Yacht']",19.9,5.6,2005,Used Boat,785000,Slovenia
373415,Selene 60 Explorer,['Motor Yacht'],19.83,5.44,2024,New Boat from Stock,1621000,Slovenia
373400,Selene 60,['Motor Yacht'],19.83,5.44,2024,New Boat from Stock,1541000,Slovenia
535800,MONTE CARLO 65 - 2015,['Motor Yacht'],19.82,5.21,2015,Used Boat,1499000,Croatia
516158,Monte Carlo Yachts 65,"['Flybridge', 'Motor Yacht']",19.82,5.21,2014,Used Boat,1390000,Croatia
548801,Sunseeker Manhattan 60 MK2,"['Flybridge', 'Motor Yacht']",19.6,5.0,2009,Used Boat,730000,Croatia
539663,Sunseeker Manhattan 60,"['Flybridge', 'Motor Yacht']",19.6,5.0,2009,Used Boat,750000,Croatia
527962,VILLABOAT INTERNATIONAL B.V. OCEAN BEAST,['Motor Yacht'],19.58,11.1,2020,Used Boat,2500000,Croatia
477497,MOTORSAILER CARLA,['Motorsailer'],19.52,5.07,1976,Used Boat,250000,Croatia
331513,Rondolini e Figli Ketch 64,"['Ketch', 'Sailing Yacht']",19.52,5.07,1976,Used Boat,240000,Croatia
533324,Princess 62 FLY - 2008 - 4 KABINEN,"['Flybridge', 'Motor Yacht']",19.3,5.03,2008,Used Boat,699000,Croatia
481378,Princess 62,"['Flybridge', 'Motor Yacht']",19.3,5.03,2009,Used Boat,805000,Croatia
480261,Elegance 60 Open,['Motor Yacht'],19.3,5.3,2009,Used Boat,689000,Croatia
547217,Sessa C68,['Motor Yacht'],19.24,5.07,2012,Used Boat,950000,Croatia
520298,Burger Boat Burger 63' Classic Motor Yacht,['Motor Yacht'],19.22,4.9,1961,Used Boat,340000,Croatia
540968,Elegance 64,['Motor Yacht'],19.1,5.5,2009,Used Boat,799000,Croatia
466226,Yaretti 1910,"['Flybridge', 'Motor Yacht']",19.1,5.16,1991,Used Boat,175400,Croatia
530975,Azimut 62S,['Motor Yacht'],19.06,4.9,2009,Used Boat,659000,Croatia
549349,Fairline SQUADRON 62,['Motor Yacht'],19.02,5.28,1992,Used Boat,290000,Croatia
520915,Jeanneau Prestige 630,"['Flybridge', 'Motor Yacht']",19.02,5.13,2018,Used Boat,1095000,Croatia
530558,"Solaris 60 One, Bill Tripp design",['Sailing Yacht'],18.91,5.1,2010,Used Boat,885000,Croatia
537394,Admiral 62 FLY - BJ. 2001,"['Flybridge', 'Motor Yacht']",18.9,4.98,2001,Used Boat,349000,Croatia
525116,Astor 59,['Motor Yacht'],18.9,4.9,1991,Used Boat,139000,Croatia
319083,Fairline Targa 62,['Hardtop'],18.88,4.75,2006,Used Boat,350000,Croatia
536799,Princess 61,"['Flybridge', 'Motor Yacht']",18.77,4.88,2003,Used Boat,449000,Croatia
369728,ABSOLUTE 62 FLY,"['Flybridge', 'Motor Yacht']",18.65,5.05,2019,New Boat from Stock,1490000,Croatia
537542,Princess 60,"['Flybridge', 'Motor Yacht']",18.61,4.83,2014,Used Boat,1280000,Croatia
517789,Princess 60,"['Flybridge', 'Motor Yacht']",18.61,4.83,2012,Used Boat,949000,Croatia
506708,Princess 60,"['Flybridge', 'Motor Yacht']",18.61,4.83,2012,Used Boat,990000,Croatia
517471,Riva 59 Mercurius,['Motor Yacht'],18.58,4.72,2003,Used Boat,585000,Croatia
513415,Cranchi 60 ST,['Motor Yacht'],18.52,4.85,2018,Used Boat,820000,Croatia
536808,Odisej Lacarak BRUCE ROBERTS TRAWLER TY,['Trawler'],18.5,5.8,2013,Used Boat,540000,Croatia
505607,Guy Couach 185,"['Flybridge', 'Motor Yacht']",18.5,4.75,2000,Used Boat,295000,Croatia
395340,Reichel Pugh 60,['Sailing Yacht'],18.5,4.01,2002,Used Boat,450000,Croatia
518231,Bénéteau Oceanis 60,['Sailing Yacht'],18.45,5.0,2015,Used Boat,450000,Croatia
514396,Sunseeker Predator 58,['Motor Yacht'],18.44,4.6,1999,Used Boat,270000,Croatia
540240,Azimut 60 Flybridge,['Motor Yacht'],18.4,5.05,2018,Used Boat,1500000,Croatia
491225,Absolute 60 Fly,"['Flybridge', 'Motor Yacht']",18.4,5.05,2017,Used Boat,1300000,Croatia
345761,Azimut 62 S,['Motor Yacht'],18.4,4.9,2006,Used Boat,499000,Croatia
542308,Princess 60,['Motor Yacht'],18.37,4.79,2012,Used Boat,990000,Croatia
504982,Sunseeker Predator 58,['Motor Yacht'],18.35,4.59,1999,Used Boat,270000,Croatia
552477,Ferretti 592,"['Flybridge', 'Motor Yacht']",18.33,5.25,1995,Used Boat,134000,Croatia
364702,Selene 54,['Motor Yacht'],18.24,5.08,2024,New Boat from Stock,1192000,Slovenia
546995,Princess V58,['Motor Yacht'],18.19,4.62,2009,Used Boat,499000,Croatia
455411,Princess V 58,['Motor Yacht'],18.19,4.62,2008,Used Boat,490000,Croatia
433491,Princess V58 HT,['Motor Yacht'],18.19,4.6,2007,Used Boat,479000,Croatia
487719,Hershine Pilothouse Trawler 57,['Trawler'],18.06,4.91,2004,Used Boat,455000,Croatia
533249,Azimut S6,['Hardtop'],18.0,4.65,2020,Used Boat,1370000,Croatia
475029,Sunseeker Predator 57,['Motor Yacht'],18.0,4.7,2015,Used Boat,820000,Croatia
527985,Prestige Yachts Flybridge 550,"['Flybridge', 'Motor Yacht']",17.92,4.79,2016,Used Boat,798000,Croatia
516693,Ferretti 58S/185,['Motor Yacht'],17.9,5.6,1994,Used Boat,250000,Croatia
544264,Jeanneau Prestige 550,"['Flybridge', 'Motor Yacht']",17.88,4.78,2013,Used Boat,770000,Croatia
545950,Ferretti 590,"['Flybridge', 'Motor Yacht']",17.86,5.25,2005,Used Boat,600000,Croatia
515935,Explorer 58,"['Flybridge', 'Motor Yacht']",17.84,5.2,2015,Used Boat,1400000,Slovenia
522863,"Galeon 560 Fly, NEW BOAT","['Flybridge', 'Motor Yacht']",17.82,4.82,2023,New Boat on Order,1210500,Slovenia
518747,Princess 58,"['Flybridge', 'Motor Yacht']",17.8,4.8,2008,Used Boat,670000,Croatia
509805,Bénéteau Sense 57,['Sailing Yacht'],17.78,5.4,2017,Used Boat,520000,Croatia
506859,Werfat Vogel Motor Yacht,['Trawler'],17.74,4.36,1966,Used Boat,370000,Croatia
540013,Wauquiez Centurion 57,['Sailing Yacht'],17.71,4.96,2013,Used Boat,515000,Croatia
534734,Wauquiez Centurion 57,"['Cruising Yacht', 'Keelboat', 'Sailing Yacht']",17.7,4.95,2013,Used Boat,515000,Croatia
525616,Princess V58 - MODEL 2008 - 400 STUNDEN,['Motor Yacht'],17.68,4.6,2007,Used Boat,479990,Croatia
511232,Princess F55,"['Flybridge', 'Motor Yacht']",17.65,4.88,2020,Used Boat,1495000,Croatia
544358,Absolute 56 FLY,"['Flybridge', 'Motor Yacht']",17.64,4.79,2022,Used Boat,2000000,Croatia
477926,Sunseeker Manhattan 52,"['Flybridge', 'Motor Yacht']",17.6,4.63,2008,Used Boat,499000,Croatia
425327,Sunseeker Predator 52,['Motor Yacht'],17.6,4.63,2011,Used Boat,650000,Croatia
548376,Princess 56,"['Flybridge', 'Motor Yacht']",17.53,4.9,2013,Used Boat,920000,Croatia
536408,Fairline Squadron 55/58,"['Cabin Cruiser', 'Flybridge', 'Motor Yacht']",17.5,4.7,1998,Used Boat,259000,Croatia
546864,Fairline Squadron 55,"['Flybridge', 'Motor Yacht']",17.4,4.5,1996,Used Boat,275000,Croatia
543552,Aicon 56,"['Flybridge', 'Motor Yacht']",17.4,4.8,2007,Used Boat,359000,Croatia
490583,Aicon 56 FLY - MODEL 2007,"['Flybridge', 'Motor Yacht']",17.4,4.8,2007,Used Boat,349000,Croatia
327966,Grand Soleil  56 Race,['Sailing Yacht'],17.4,4.1,2003,Used Boat,110000,Croatia
484201,President 57,['Motor Yacht'],17.35,5.45,1991,Used Boat,149000,Croatia
552365,Jeanneau 58,['Sailing Yacht'],17.28,5.0,2018,Used Boat,550000,Croatia
527281,Sunseeker Manhattan 52,['Motor Yacht'],17.21,4.87,2017,Used Boat,1400000,Croatia
551769,Hanse 588,['Sailing Yacht'],17.2,5.2,2019,Used Boat,525000,Croatia
515186,Hanse 588,"['Cruising Yacht', 'Sailing Yacht']",17.2,5.2,2020,Used Boat,579800,Croatia
533632,Dufour 56 Exclusive,['Sailing Yacht'],17.15,5.05,2018,Used Boat,594000,Croatia
488022,Dufour 56 Exclusive,['Sailing Yacht'],17.15,5.05,2019,Used Boat,495000,Croatia
379887,Dufour 560 Grand Large,['Sailing Yacht'],17.15,5.05,2016,Used Boat,385000,Croatia
487759,Pearlsea 56 Coupe,['Motor Yacht'],17.07,4.47,2017,Used Boat,490000,Croatia
375749,Sunseeker Predator 52,['Motor Yacht'],17.02,4.63,2008,Used Boat,420000,Croatia
347426,Cantieri di Baia Baia 54 Aqua HT,['Motor Yacht'],17.0,4.75,2004,Used Boat,295000,Croatia
466222,Johnson 56,"['Flybridge', 'Motor Yacht']",16.97,4.2,1998,Used Boat,170000,Croatia
543782,Mystic 55,['Sailing Yacht'],16.95,4.77,1999,Used Boat,425000,Croatia
544867,Azimut 55 FLY,"['Flybridge', 'Motor Yacht']",16.9,4.9,2020,Used Boat,1440000,Croatia
521287,Rodman 54 Muse,['Motor Yacht'],16.89,4.72,2008,Used Boat,450000,Croatia
544418,Bénéteau Oceanis 55,['Sailing Yacht'],16.78,4.96,2017,Used Boat,390000,Croatia
522191,Bénéteau Oceanis 55,['Sailing Yacht'],16.78,4.96,2017,Used Boat,390000,Croatia
548906,Bavaria 56 Cruiser,['Sailing Yacht'],16.75,4.76,2015,Used Boat,288200,Croatia
543010,Jeanneau Sun Odyssey 54 DS,['Sailing Yacht'],16.75,4.86,2003,Used Boat,265000,Croatia
350480,Bavaria 55 Cruiser,['Sailing Yacht'],16.75,4.87,2011,Used Boat,250000,Croatia
524770,More 55,['Sailing Yacht'],16.7,5.0,2006,Used Boat,1200000,Croatia
536478,Abati Yachts 55 Portland,['Motor Yacht'],16.68,5.32,2006,Used Boat,500000,Croatia
533491,Pershing 5X,['Hardtop'],16.57,4.37,2022,Used Boat,1250000,Croatia
537399,High Performance 55,['Sailing Yacht'],16.5,4.5,1991,Used Boat,140000,Croatia
517472,Cayman 62,['Motor Yacht'],16.5,5.0,2004,Used Boat,380000,Croatia
513818,Princess 56,['Motor Yacht'],16.5,4.74,2014,Used Boat,995000,Croatia
479562,Apreamare 54,['Motor Yacht'],16.5,5.08,2006,Used Boat,390000,Croatia
230003,Bertram 54,['Motor Yacht'],16.46,5.16,2000,Used Boat,470000,Croatia
463394,Selene 50 Eurodeck,['Trawler'],16.43,4.78,2024,New Boat from Stock,945300,Slovenia
463344,Selene 49,['Trawler'],16.43,4.78,2024,New Boat from Stock,886300,Slovenia
544972,Azimut 54 Flybridge,"['Flybridge', 'Motor Yacht']",16.4,4.74,2013,Used Boat,899000,Croatia
542304,Fairline Squadron 52,['Motor Yacht'],16.34,4.65,2001,Used Boat,349000,Croatia
551770,Hanse 548,['Sailing Yacht'],16.22,5.05,2022,Used Boat,480000,Croatia
550157,Hanse 548,"['Cruising Yacht', 'Sailing Yacht']",16.22,5.05,2018,Used Boat,298800,Croatia
549224,Hanse 548,['Sailing Yacht'],16.22,5.05,2019,Used Boat,800000,Croatia
444390,Hanse 548,['Sailing Yacht'],16.22,5.05,2018,Used Boat,358800,Croatia
545010,Galeon 500 Fly,"['Flybridge', 'Motor Yacht']",16.2,4.46,2020,Used Boat,990000,Croatia
539037,Galeon 530,"['Flybridge', 'Motor Yacht']",16.2,4.7,2007,Used Boat,470000,Croatia
537076,Galeon 530,"['Flybridge', 'Motor Yacht']",16.2,4.7,2008,Used Boat,470000,Croatia
441711,Ferretti 510,"['Flybridge', 'Motor Yacht']",16.2,4.94,2023,New Boat on Order,932200,Slovenia
551519,Sunseeker Camargue 50,['Motor Yacht'],16.13,4.32,2001,Used Boat,209000,Croatia
527237,Ferretti 460,['Motor Yacht'],16.1,4.6,2005,Used Boat,335000,Croatia
548933,Hanse 540e,['Sailing Yacht'],16.08,4.91,2008,Used Boat,270000,Croatia
530883,Dellapasqua DC16,['Motor Yacht'],16.02,4.4,2008,Used Boat,235000,Croatia
549903,Doggersbank TRAWLER  1600,['Trawler'],16.0,4.55,1994,Used Boat,333000,Croatia
549245,Atlantis 50,['Motor Yacht'],16.0,4.0,2009,Used Boat,450000,Croatia
542202,Sea Ray Sundancer 460,['Motor Yacht'],16.0,4.35,1999,Used Boat,180000,Croatia
539077,Latini Marine 52,['Regatta Boat'],16.0,4.61,2002,Used Boat,110000,Croatia
532417,Menorquin 160,['Motor Yacht'],16.0,5.0,2008,Used Boat,450000,Croatia
502829,MORE 55,['Sailing Yacht'],16.0,5.0,2019,Used Boat,540000,Croatia
490686,Absolute 52 Fly,"['Flybridge', 'Motor Yacht']",16.0,4.5,2015,Used Boat,755000,Croatia
520243,Absolute 52 STY,['Hardtop'],15.99,4.78,2011,Used Boat,489000,Croatia
536021,Sunbeam 53,['Center Cockpit'],15.98,4.55,2008,Used Boat,449000,Croatia
448475,Murtic 52,['Sailing Yacht'],15.98,4.7,2010,Used Boat,450000,Croatia
550873,Princess V52 - 52,['Motor Yacht'],15.97,4.22,1996,Used Boat,199000,Croatia
348124,Menorquin 160,['Motor Yacht'],15.95,5.0,2006,Used Boat,290000,Croatia
526282,Bénéteau Océanis 51.1,['Sailing Yacht'],15.94,4.8,2018,Used Boat,375000,Croatia
512047,Absolute 52 Fly,"['Flybridge', 'Hardtop', 'Motor Yacht']",15.93,4.51,2020,Used Boat,1125000,Slovenia
548736,Johnson 56,"['Flybridge', 'Motor Yacht']",15.9,5.1,1996,Used Boat,250000,Croatia
530816,Absolute Navetta 52,"['Flybridge', 'Motor Yacht']",15.9,4.65,2023,New Boat from Stock,1656000,Croatia
488526,Galeon 550 FLY - BJ. 2021,"['Flybridge', 'Motor Yacht']",15.85,4.77,2021,Used Boat,1290000,Croatia
544422,Ferretti 500 Elite,"['Flybridge', 'Motor Yacht']",15.83,4.8,2006,Used Boat,320000,Slovenia
511710,CRANCHI E52F Fly Evoluzione,['Motor Yacht'],15.82,4.67,2021,Used Boat,1350000,Croatia
522213,Marte Cigarette 15.80 Meters,['Motor Yacht'],15.8,3.0,1996,Used Boat,350000,Croatia
517077,Altena 52 Exclusief,['Motor Yacht'],15.8,4.5,1998,Used Boat,199000,Slovenia
537561,Jeanneau Sun Odyssey 519,['Sailing Yacht'],15.75,4.69,2016,Used Boat,220000,Croatia
382030,Jeanneau Sun Odyssey 519,['Sailing Yacht'],15.75,4.69,2016,Used Boat,241500,Croatia
542241,Cranchi Atlantique 48,['Cabin Cruiser'],15.72,4.33,2002,Used Boat,319000,Croatia
491374,Cranchi Atlantique 48,"['Flybridge', 'Motor Yacht']",15.72,4.33,2006,Used Boat,259000,Croatia
539521,Princess 49,"['Flybridge', 'Motor Yacht']",15.7,4.3,2017,Used Boat,850000,Croatia
466192,Picchiotti Classic Bermuda Ketch,"['Ketch', 'Sailing Yacht']",15.7,3.4,1931,Used Boat,169000,Croatia
282652,Elan 514 Impression,['Sailing Yacht'],15.69,4.68,2007,Used Boat,220000,Croatia
515867,Sunseeker Manhattan 50,"['Flybridge', 'Motor Yacht']",15.66,4.53,2007,Used Boat,450000,Croatia
548771,Bavaria 51,['Sailing Yacht'],15.6,4.6,1993,Used Boat,85000,Croatia
508555,Princess 500,['Motor Yacht'],15.6,4.38,1993,Used Boat,200000,Croatia
514246,Ferretti 500 Elite,"['Flybridge', 'Motor Yacht']",15.6,4.6,2006,Used Boat,285000,Slovenia
549225,Bavaria 51 Cruiser,['Sailing Yacht'],15.59,4.67,2021,Used Boat,395000,Croatia
549923,Hanse 508,['Sailing Yacht'],15.55,4.75,2020,Used Boat,450000,Croatia
549226,Hanse 508,['Sailing Yacht'],15.55,4.75,2022,Used Boat,480000,Croatia
444385,Hanse 508,['Sailing Yacht'],15.55,4.75,2019,Used Boat,273000,Croatia
551421,Azimut 50 FLY - 2008,"['Flybridge', 'Motor Yacht']",15.54,4.55,2008,Used Boat,450000,Croatia
530517,Bavaria Cruiser 51,['Sailing Yacht'],15.54,4.67,2017,Used Boat,230000,Croatia
526663,Leopard 51 Powercat,['Power Catamaran'],15.54,7.64,2017,Used Boat,599000,Croatia
514691,Bavaria Cruiser 51,['Sailing Yacht'],15.54,4.67,2016,Used Boat,240000,Croatia
500160,Sea Ray 515,['Motor Yacht'],15.54,4.47,2006,Used Boat,299000,Croatia
390033,Vicenzo Calabria Italia 1981 BAGNAKA CAL,"['Classic Power Boat', 'Motor Yacht']",15.52,4.16,1981,Used Boat,120000,Croatia
496117,Azimut 50,['Motor Yacht'],15.51,4.55,2004,Used Boat,299000,Croatia
451360,Azimut 50,"['Flybridge', 'Motor Yacht']",15.51,4.55,2003,Used Boat,355000,Croatia
525008,Carnevali 155,"['Flybridge', 'Motor Yacht']",15.5,4.56,2000,Used Boat,255000,Croatia
523569,Dufour 530,['Sailing Yacht'],15.5,4.98,2021,Used Boat,520000,Croatia
493183,Sea Ray 515 Sundancer,['Motor Yacht'],15.5,4.47,2006,Used Boat,299000,Croatia
487614,Formosa 51 Ketch,"['Ketch', 'Sailing Yacht']",15.5,4.5,1986,Used Boat,140000,Croatia
239537,Princess V50,['Motor Yacht'],15.5,4.2,2003,Used Boat,199500,Croatia
541136,Formosa 51,"['Cruising Yacht', 'Daysailer', 'Deck Saloon']",15.49,4.29,1980,Used Boat,159000,Croatia
533987,Sea Ray 450 DA,['Motor Yacht'],15.49,4.24,1996,Used Boat,159000,Croatia
431026,Princess V 50,['Motor Yacht'],15.49,4.22,2005,Used Boat,240000,Croatia
550220,Greenline 48 FLY,"['Flybridge', 'Motor Yacht']",15.45,4.8,2019,Used Boat,514000,Croatia
528453,Greenline 48 FLY - HYBRID,"['Flybridge', 'Motor Yacht']",15.45,4.79,2017,Used Boat,650000,Slovenia
523958,Greenline 48 Fly,"['Flybridge', 'Motor Yacht']",15.44,4.8,2019,Used Boat,495000,Croatia
549482,Bavaria 50 Cruiser,['Sailing Yacht'],15.43,4.87,2023,New Boat from Stock,396400,Croatia
536074,Princess 52,['Motor Yacht'],15.43,4.36,2001,Used Boat,249000,Croatia
543318,Leopard 50,['Catamaran'],15.42,8.05,2020,Used Boat,850000,Croatia
403537,Bénéteau Oceanis 50 F,['Sailing Yacht'],15.42,4.82,2011,Used Boat,169000,Croatia
549048,Hanse 505,['Sailing Yacht'],15.4,4.75,2017,Used Boat,305000,Croatia
548776,Hanse 505,['Sailing Yacht'],15.4,4.75,2017,Used Boat,285000,Croatia
541167,Bavaria 49,['Sailing Yacht'],15.4,4.5,2003,Used Boat,110000,Croatia
508012,Pershing 46',['Hardtop'],15.4,4.14,2008,Used Boat,345000,Croatia
503829,Pershing 46,['Motor Yacht'],15.39,4.14,2008,Used Boat,330000,Croatia
549845,Jeanneau Sun Odyssey 519,['Sailing Yacht'],15.38,4.69,2018,Used Boat,208000,Croatia
545362,Ferretti 500,"['Flybridge', 'Motor Yacht']",15.34,4.32,2021,Used Boat,1350000,Croatia
549613,Elan E6,['Sailing Yacht'],15.3,4.49,2023,New Boat from Stock,573000,Croatia
548300,Cranchi 48,"['Flybridge', 'Motor Yacht']",15.3,4.33,2001,Used Boat,215000,Slovenia
530507,Elan E6,['Sailing Yacht'],15.3,4.49,2022,Used Boat,535000,Croatia
529469,Elan E6,['Sailing Yacht'],15.3,4.49,2022,Used Boat,550000,Croatia
529468,Elan E6,['Sailing Yacht'],15.3,4.49,2022,Used Boat,550000,Croatia
518121,Najad 505 CC,['Center Cockpit'],15.3,4.6,2009,Used Boat,599427,Croatia
506501,Princess F50 - BJ. 2019,"['Flybridge', 'Motor Yacht']",15.3,4.34,2019,Used Boat,1100000,Croatia
520244,Bénéteau Grand Turismo 49,['Hardtop'],15.29,4.29,2012,Used Boat,490000,Croatia
545922,Dufour Atoll 50,['Sailing Yacht'],15.25,5.05,2000,Used Boat,159500,Croatia
549782,Jeanneau Prestige 500,['Motor Yacht'],15.24,4.5,2018,Used Boat,690000,Croatia
541296,Cranchi Mediterranee 50,['Motor Yacht'],15.24,4.33,2005,Used Boat,215000,Croatia
503020,Pershing 50,['Hardtop'],15.24,4.38,2004,Used Boat,485000,Croatia
545253,Jetten 50 MPC,['Motor Yacht'],15.2,4.88,2016,Used Boat,890000,Croatia
542158,Elan GT 6,['Sailing Yacht'],15.2,4.49,2022,Used Boat,639000,Croatia
539035,Fairline Targa 52,['Motor Yacht'],15.2,4.62,2008,Used Boat,360000,Croatia
533943,Prestige Yachts 500 FLY - 2012,"['Flybridge', 'Motor Yacht']",15.2,4.47,2012,Used Boat,549000,Croatia
533633,Dufour 520 Grand Large,['Sailing Yacht'],15.2,4.8,2018,Used Boat,452350,Croatia
509193,Elan 50 Impression,['Sailing Yacht'],15.2,4.68,2018,Used Boat,270000,Croatia
432653,Carver 504 Fly,"['Flybridge', 'Motor Yacht']",15.2,4.7,1998,Used Boat,199000,Croatia
411998,Elan 50 Impression,['Sailing Yacht'],15.2,4.68,2017,Used Boat,255000,Croatia
549172,Hallberg-Rassy 48,['Center Cockpit'],15.14,4.55,2008,Used Boat,500000,Croatia
530599,Elan GT6 - ready for delivery,['Sailing Yacht'],15.14,4.49,2022,Used Boat,569000,Croatia
549594,Oceanis 50 Family,['Sailing Yacht'],15.1,4.5,2011,Used Boat,145000,Croatia
543368,FIM Regina 470,['Motor Yacht'],15.1,4.4,2023,Display Model,1440000,Croatia
542445,Dufour 500 Grand Large (Engine 2020),['Sailing Yacht'],15.1,4.8,2015,Used Boat,230000,Croatia
515908,Bénéteau Monte Carlo 5,"['Flybridge', 'Motor Yacht']",15.1,4.32,2016,Used Boat,550000,Croatia
377883,Bavaria Sport 450,['Hardtop'],14.99,4.41,2016,Used Boat,360000,Croatia
526305,Greenline 48 fly,"['Flybridge', 'Motor Yacht']",14.99,4.9,2022,New Boat from Stock,890000,Slovenia
510834,Cormorant COR49,['Trawler'],14.99,5.4,2023,New boat preordered,600000,Slovenia
507246,Bavaria 51 Cruiser,['Sailing Yacht'],14.99,4.61,2015,Used Boat,219000,Croatia
550334,Jeanneau Sun Odyssey 49i,['Sailing Yacht'],14.98,4.49,2008,Used Boat,129000,Croatia
550183,Galeon 485 HTS,['Hardtop'],14.98,4.25,2019,Used Boat,699000,Croatia
545774,Bénéteau 50,['Sailing Yacht'],14.98,4.48,2004,Used Boat,157000,Croatia
542448,Jeanneau 51,['Sailing Yacht'],14.98,4.69,2021,Used Boat,480000,Croatia
537952,Fountaine Pajot Saba 50,['Catamaran'],14.98,7.99,2017,Used Boat,920000,Croatia
504597,Fountaine Pajot Saba 50,['Catamaran'],14.98,7.99,2017,Used Boat,920000,Croatia
456927,Comar CLANSHIP 52,"['Flybridge', 'Motor Yacht']",14.98,4.81,1989,Used Boat,179900,Croatia
550008,Upwind 50 ECO Aluminium,['Catamaran'],14.95,7.01,2022,Display Model,870000,Croatia
542864,Doggersbank 1500,['Motor Yacht'],14.95,4.7,1994,Used Boat,335000,Croatia
521780,Elling E4,['Motor Yacht'],14.95,4.25,2007,Used Boat,359000,Croatia
548688,Bavaria S 45 Open,['Motor Yacht'],14.94,4.41,2020,Used Boat,510000,Croatia
510393,Profil Marine Cherokee 50,['Motor Yacht'],14.93,4.2,1996,Used Boat,115000,Croatia
502775,Horizon Yaretti 1190,['Trawler'],14.92,4.36,1991,Used Boat,120000,Croatia
552367,Sessa C52,['Hardtop'],14.9,4.5,2008,Used Boat,399000,Croatia
549728,Bruno Abbate Primatist G46,"['Hardtop', 'Motor Yacht']",14.9,4.5,2010,Used Boat,290000,Croatia
493401,Bénéteau First 47.7,['Sailing Yacht'],14.9,4.5,2000,Used Boat,139900,Slovenia
547405,Azimut Fly 48,['Motor Yacht'],14.9,4.52,2012,Used Boat,570000,Croatia
545908,Princess V48,['Motor Yacht'],14.9,4.1,2009,Used Boat,349000,Croatia
504618,Jeanneau Sun Odyssey 49 DS,['Sailing Yacht'],14.9,4.41,2007,Used Boat,160000,Croatia
494825,Elan 50 Impression,['Hardtop'],14.85,4.68,2015,Used Boat,320000,Croatia
471887,Elan Impression 50,['Sailing Yacht'],14.85,4.68,2017,Used Boat,230000,Croatia
292624,Hanse 495,['Sailing Yacht'],14.85,4.75,2011,Used Boat,240000,Croatia
491426,Princess V46,['Motor Yacht'],14.81,4.01,2003,Used Boat,210000,Croatia
519125,Ferretti 480,['Motor Yacht'],14.8,4.6,2001,Used Boat,250000,Croatia
506325,Azimut 46,"['Flybridge', 'Motor Yacht']",14.8,4.4,2002,Used Boat,248000,Slovenia
500704,Bénéteau First 47.7,['Sailing Yacht'],14.8,4.5,2000,Used Boat,135000,Croatia
442672,Ferretti 480,['Motor Yacht'],14.8,4.6,2001,Used Boat,259000,Croatia
261062,Edership PRESIDENT 46 Fly,"['Flybridge', 'Motor Yacht']",14.8,4.8,1991,Used Boat,120000,Croatia
547774,Lagoon 50,['Catamaran'],14.76,8.1,2018,Used Boat,835000,Croatia
463342,Selene 45,['Trawler'],14.76,4.78,2024,New Boat from Stock,724900,Slovenia
550127,Jeanneau Sun Odyssey 50 DS,"['Deck Saloon', 'Sailing Yacht']",14.75,4.49,2012,Used Boat,250000,Croatia
524769,Dufour 48,['Catamaran'],14.7,8.0,2021,Used Boat,885000,Croatia
515308,Dufour 48,['Catamaran'],14.7,8.0,2021,Used Boat,885000,Croatia
548619,Bavaria 47,['Sailing Yacht'],14.68,4.45,2000,Used Boat,79000,Croatia
547937,Azimut 46,['Motor Yacht'],14.65,4.4,2002,Used Boat,249000,Croatia
533322,Azimut 46,['Motor Yacht'],14.65,4.4,2002,Used Boat,225000,Croatia
514524,Princess 50,['Motor Yacht'],14.64,4.48,2003,Used Boat,258000,Croatia
551172,Alena  47,['Motor Yacht'],14.6,4.64,2002,Used Boat,149000,Croatia
547444,Hanse 460,['Sailing Yacht'],14.6,4.79,2022,Used Boat,380000,Croatia
544700,Hanse 460,['Sailing Yacht'],14.6,4.79,2023,Display Model,369800,Croatia
513280,Cervetti 48 Sail,['Catamaran'],14.6,8.0,2022,Used Boat,1021995,Croatia
534747,Azimut Fly 46,['Flybridge'],14.5,4.4,2001,Used Boat,248000,Croatia
544085,Bénéteau First 47.7,['Sailing Yacht'],14.5,4.5,2001,Used Boat,110000,Croatia
507248,Delphia 47,['Sailing Yacht'],14.48,4.48,2010,Used Boat,140000,Croatia
546387,Azimut 47 FLY - MODEL 2010,"['Flybridge', 'Motor Yacht']",14.46,4.75,2010,Used Boat,399900,Croatia
466217,Staryacht 1670,['Motor Yacht'],14.44,4.2,1990,Used Boat,79700,Croatia
547447,Bavaria C45 Style,['Sailing Yacht'],14.43,4.49,2020,Used Boat,499000,Croatia
521564,Jeanneau Sun Odyssey 479,['Sailing Yacht'],14.43,4.49,2016,Used Boat,178000,Croatia
550055,Grand Soleil  46.3,['Sailing Yacht'],14.42,4.4,2004,Used Boat,115000,Croatia
549303,Princess 440 Flybridge,"['Flybridge', 'Motor Yacht']",14.4,4.2,1997,Used Boat,150000,Croatia
538997,Monachus 43 Pharos,['Motor Yacht'],14.4,4.2,2023,New Boat from Stock,679305,Croatia
538996,Monachus Issa 45,['Motor Yacht'],14.4,4.2,2023,New Boat from Stock,664125,Croatia
538994,Monachus Issa 45,['Motor Yacht'],14.4,4.2,2023,New Boat from Stock,698280,Croatia
533015,Monachus Issa 45 HT,['Hardtop'],14.4,4.2,2023,New Boat on Order,664125,Croatia
531706,Monachus 45 Fly,['Motor Yacht'],14.4,4.2,2023,New Boat on Order,698280,Croatia
531704,Monachus 43 Pharos,['Motor Yacht'],14.4,4.2,2023,New Boat on Order,679305,Croatia
528272,Ferretti 46 FLY,"['Flybridge', 'Motor Yacht']",14.4,4.6,1999,Used Boat,199000,Croatia
535055,Linssen Grand Sturdy 470,['Trawler'],14.35,4.4,2009,Used Boat,590000,Croatia
531827,Princess V45,['Hardtop'],14.35,3.99,2009,Used Boat,269000,Slovenia
517043,Ferretti YACHTS 460,['Motor Yacht'],14.35,4.34,2023,New Boat on Order,726600,Slovenia
502718,Bavaria 46 Cruiser,['Sailing Yacht'],14.27,4.35,2018,Used Boat,185000,Croatia
548774,Bavaria 45 Cruiser,['Sailing Yacht'],14.27,4.35,2012,Used Boat,159000,Croatia
547773,Bavaria 46 Cruiser,['Sailing Yacht'],14.27,4.35,2023,Used Boat,333000,Slovenia
479570,Bavaria 46 Cruiser,['Sailing Yacht'],14.27,4.35,2023,Used Boat,304200,Croatia
429544,Bavaria 46 Cruiser,['Sailing Yacht'],14.27,4.35,2020,Used Boat,259488,Croatia
548279,Bavaria Cruiser 46 Style,['Sailing Yacht'],14.22,4.35,2020,Used Boat,270000,Croatia
520242,Ferretti 450,"['Flybridge', 'Motor Yacht']",14.2,4.3,2020,Used Boat,800000,Croatia
520241,Ferretti 450,"['Flybridge', 'Motor Yacht']",14.2,4.3,2019,Used Boat,700000,Croatia
518820,Ferretti 450,"['Flybridge', 'Motor Yacht']",14.2,4.3,2019,Used Boat,700000,Croatia
518819,Ferretti 450,"['Flybridge', 'Motor Yacht']",14.2,4.2,2020,Used Boat,800000,Croatia
509293,Cranchi 47 Mediteranee,['Motor Yacht'],14.19,4.1,2006,Used Boat,225000,Croatia
544804,Moody 47,['Sailing Yacht'],14.17,4.4,2002,Used Boat,230000,Croatia
524974,Dufour 460 Grand Large,['Sailing Yacht'],14.15,4.5,2016,Used Boat,219000,Croatia
495682,Ferretti 46,"['Flybridge', 'Motor Yacht']",14.1,4.6,2000,Used Boat,235000,Croatia
487805,Ferretti 46,"['Flybridge', 'Motor Yacht']",14.1,4.6,2000,Used Boat,275000,Croatia
516698,Hanse 458,['Sailing Yacht'],14.04,4.37,2023,New Boat from Stock,335161,Croatia
515898,Hanse 458,"['Cruising Yacht', 'Sailing Yacht']",14.04,4.38,2002,Used Boat,264000,Croatia
549979,Nuova Jolly Prince 43 luxury cabin,['RIB'],14.0,4.0,2019,Used Boat,850000,Croatia
478574,Carbineer Motorsailer,['Motorsailer'],14.0,4.0,1988,Used Boat,105000,Croatia
475424,Carbineer Motor Sailer,['Sailing Yacht'],14.0,4.0,1988,Used Boat,105000,Croatia
331964,President 52,"['Flybridge', 'Motor Yacht']",14.0,4.8,1989,Used Boat,170000,Croatia
549772,Lagoon 46,['Catamaran'],13.99,7.96,2021,Used Boat,725000,Croatia
548093,Lagoon 46,['Catamaran'],13.99,7.96,2021,Used Boat,725000,Croatia
539716,Lagoon 450 F,['Catamaran'],13.97,7.87,2019,Used Boat,620000,Croatia
519955,Galeon 440 FLY 2023 NEW BOAT,['Motor Yacht'],13.97,4.2,2023,New Boat on Order,648900,Slovenia
466280,Dellapasqua DC 13 ELITE,['Hardtop'],13.97,3.8,2006,Used Boat,195000,Croatia
550163,Hanse 455,['Sailing Yacht'],13.96,4.38,2018,Used Boat,189900,Croatia
534016,Lagoon 450,"['Catamaran', 'Sailing Yacht']",13.96,7.78,2012,Used Boat,455000,Croatia
549584,Lagoon 450 S Lux,['Catamaran'],13.96,7.87,2018,Used Boat,490000,Croatia
548094,Lagoon 450F,['Catamaran'],13.96,7.87,2017,Used Boat,550000,Croatia
544419,Lagoon 450 S,['Catamaran'],13.96,7.78,2018,Used Boat,515000,Croatia
540456,Lagoon 450 F,['Catamaran'],13.96,7.87,2016,Used Boat,495000,Croatia
540454,Lagoon 450 S LUX,['Catamaran'],13.96,7.87,2018,Used Boat,490000,Croatia
533003,Lagoon 450 F,['Catamaran'],13.96,7.87,2019,Used Boat,590000,Croatia
523661,Lagoon 450 F,['Catamaran'],13.96,7.87,2017,Used Boat,549000,Croatia
522361,Lagoon 450 S,['Catamaran'],13.96,7.87,2018,Used Boat,495000,Croatia
495403,Lagoon 450 S,['Catamaran'],13.96,7.87,2021,Used Boat,569000,Croatia
546484,Hanse 455,"['Cruising Yacht', 'Sailing Yacht']",13.95,4.38,2015,Used Boat,168540,Croatia
488966,Jeanneau Prestige 450,"['Flybridge', 'Motor Yacht']",13.94,4.3,2017,Used Boat,525000,Croatia
483922,Hi-Star Marine HI STAR 47',['Motor Yacht'],13.94,4.63,1986,Used Boat,125000,Croatia
524233,Princess 45 FLY MKII,"['Flybridge', 'Motor Yacht']",13.92,4.29,2007,Used Boat,349000,Croatia
527355,Princess 45 MK II,['Motor Yacht'],13.92,4.29,2007,Used Boat,349000,Croatia
550569,Princess 440 Fly,"['Flybridge', 'Motor Yacht', 'Sport Boat']",13.91,4.22,1995,Used Boat,189000,Croatia
548737,Princess 440,['Motor Yacht'],13.91,4.22,1997,Used Boat,150000,Croatia
501233,Princess 440,['Motor Yacht'],13.91,4.22,1996,Used Boat,170000,Croatia
550751,Rio 44 air,['Cabin Cruiser'],13.9,4.0,2007,Used Boat,159000,Slovenia
531082,Performance 1407,"['Motor Yacht', 'Sport Boat']",13.9,3.7,2007,Used Boat,180000,Croatia
262794,Dellapasqua DC 13 s,['Motor Yacht'],13.9,4.3,1991,Used Boat,79900,Croatia
531619,Bénéteau Swift Trawler 44,['Trawler'],13.88,4.25,2014,Used Boat,450000,Croatia
461042,Enterprise Marine EM 43,"['Flybridge', 'Motor Yacht']",13.87,4.86,2003,Used Boat,199500,Croatia
545122,Elan Impression 45,['Sailing Yacht'],13.85,4.18,2017,Used Boat,170000,Croatia
540455,Elan 45 Impression,['Sailing Yacht'],13.85,4.18,2018,Used Boat,190000,Croatia
533244,Elan Impression 45,['Sailing Yacht'],13.85,4.18,2016,Used Boat,155000,Croatia
533165,Elan 444 Impression,['Sailing Yacht'],13.85,4.18,2011,Used Boat,130000,Croatia
523928,Cranchi M44 HT,['Motor Yacht'],13.85,4.05,2018,Used Boat,550000,Slovenia
498902,Princess V 45,['Motor Yacht'],13.85,4.0,2009,Used Boat,345000,Croatia
495924,Performance 1407,['Motor Yacht'],13.85,3.61,2007,Used Boat,179000,Croatia
487760,Monachus Issa 45,['Motor Yacht'],13.85,4.2,2020,Used Boat,440000,Croatia
479503,Bavaria S45 HT,['Motor Yacht'],13.83,4.41,2017,Used Boat,420000,Croatia
552504,Cranchi M 44 HT,['Hardtop'],13.82,4.05,2019,Used Boat,585000,Slovenia
520895,Cyrus Yachts CYRUS 13.8 FLYBRIDGE,"['Flybridge', 'Motor Yacht']",13.81,4.45,2012,Used Boat,189000,Croatia
535751,Cranchi Mediterranee 43,['Motor Yacht'],13.8,4.13,2008,Used Boat,172000,Croatia
531592,Pula CUSTOM BUILT,['Sailing Yacht'],13.8,4.0,1991,Used Boat,65000,Croatia
517794,Cranchi 43,['Motor Yacht'],13.8,4.1,2008,Used Boat,179000,Croatia
545773,Bavaria NAUTITECH 46 OPEN,['Sailing Yacht'],13.79,7.54,2018,Used Boat,550000,Croatia
504814,Fjord 41 XL,['Motor Yacht'],13.79,3.99,2023,New Boat from Stock,721103,Croatia
541348,Dufour 455 Grand Large,['Sailing Yacht'],13.76,4.3,2008,Used Boat,150000,Croatia
538391,Enterprise Marine 43 Fly,"['Flybridge', 'Motor Yacht']",13.76,4.22,2002,Used Boat,200000,Croatia
550208,Jeanneau Sun Odyssey 449,['Sailing Yacht'],13.75,4.24,2017,Used Boat,229900,Croatia
545588,Astor 45 Fly 2.Besitz RAUMWUNDER !,"['Flybridge', 'Motor Yacht']",13.75,4.25,1995,Used Boat,139000,Croatia
552225,Jeanneau Sun Odyssey 45,['Sailing Yacht'],13.72,4.37,2006,Used Boat,125000,Croatia
543914,Leopard 45,['Catamaran'],13.72,7.35,2018,Used Boat,599000,Croatia
541173,Sea Ray 455 Sundancer,['Motor Yacht'],13.72,4.27,2006,Used Boat,139000,Croatia
523662,Jeanneau Sun Odyssey 45,['Sailing Yacht'],13.72,4.37,2005,Used Boat,99000,Croatia
434103,Nautitech Catamarans 46 Fly,['Catamaran'],13.71,7.54,2017,Used Boat,495000,Croatia
463341,Selene 42 Europa,['Trawler'],13.7,4.42,2024,New Boat from Stock,587100,Slovenia
457731,Dehler 45,['Sailing Yacht'],13.7,3.86,2010,Used Boat,215000,Croatia
543975,Dufour 44,['Sailing Yacht'],13.67,4.25,2004,Used Boat,95000,Croatia
547795,Van Dam Nordia 45,"['Center Cockpit', 'Cruising Yacht', 'Sailing Yacht']",13.65,3.95,1974,Used Boat,115000,Croatia
534807,Majesty 44 Fly - 44,['Motor Yacht'],13.61,4.34,2007,Used Boat,340000,Croatia
371409,Lagoon 440 Quentas,['Catamaran'],13.61,7.7,2009,Used Boat,359000,Croatia
551233,Solaris One 44,"['Keelboat', 'Sailing Yacht']",13.6,4.18,2014,Used Boat,395000,Croatia
544304,Bavaria Virtess 420 Fly,"['Flybridge', 'Motor Yacht']",13.6,4.22,2019,Used Boat,629000,Croatia
506867,Bali Catamarans 4.5,['Catamaran'],13.6,7.42,2017,Used Boat,530000,Croatia
549566,Myabca 45 Menorquin 160,['Motor Yacht'],13.59,4.3,2007,Used Boat,220000,Croatia
547446,Elan Impression 45.1,['Sailing Yacht'],13.59,4.2,2019,Used Boat,209500,Slovenia
552282,Hanse 455,['Sailing Yacht'],13.56,4.38,2018,Used Boat,215000,Croatia
530799,Sealine F430,"['Flybridge', 'Motor Yacht']",13.55,4.2,2019,Used Boat,449000,Croatia
530797,Sealine F430,"['Flybridge', 'Motor Yacht']",13.55,4.2,2021,Used Boat,599000,Croatia
524550,Hanse 455,['Sailing Yacht'],13.55,4.38,2018,Used Boat,225000,Croatia
496459,Olimp M-46 - custom,['RIB'],13.55,4.2,2018,Used Boat,269000,Croatia
536278,Gobbi Atlantis 425 SC,['Motor Yacht'],13.53,4.02,2001,Used Boat,133000,Croatia
532730,NEEL 45 Evolution,['Trimaran'],13.5,8.5,2019,Used Boat,510000,Croatia
530012,Azimut AZ 43 - 43,['Motor Yacht'],13.5,4.4,1996,Used Boat,149000,Croatia
517781,Fast Wave 40,['Sailing Yacht'],13.5,4.0,2000,Used Boat,75000,Croatia
499153,"Gallart 13,50 Fly","['Flybridge', 'Motor Yacht']",13.5,3.98,1985,Used Boat,80000,Croatia
522691,Galeon 425 HTS NEW BOAT,['Hardtop'],13.46,3.9,2023,New Boat on Order,431800,Slovenia
355477,Elan 431 Owner,['Sailing Yacht'],13.45,4.0,1995,Used Boat,90000,Croatia
545871,Elan 43,"['Cruising Yacht', 'Keelboat', 'Sailing Yacht']",13.45,4.0,1989,Used Boat,48500,Croatia
526586,Bénéteau Swift Trawler 41 FLY,"['Flybridge', 'Motor Yacht']",13.43,4.2,2023,New Boat from Stock,599000,Croatia
526254,Bavaria Keizer 42,['Motor Yacht'],13.42,3.99,2018,Used Boat,380000,Croatia
541024,Elan 434 Impression,['Sailing Yacht'],13.41,4.18,2007,Used Boat,95000,Croatia
528997,Elan Impression 434,['Sailing Yacht'],13.41,4.18,2007,Used Boat,100000,Croatia
507493,Elan Impression 434,['Sailing Yacht'],13.41,4.18,2006,Used Boat,109900,Croatia
551575,Bavaria Sport 42 HT,"['Cabin Cruiser', 'Motor Yacht', 'Sport Boat']",13.4,4.28,2010,Used Boat,195000,Croatia
516559,Sammler,['Keelboat'],13.4,3.4,2005,Used Boat,19000,Croatia
532542,Schöchl Sunbeam 44,['Sailing Yacht'],13.4,3.98,2003,Used Boat,215000,Slovenia
489853,Jeanneau Prestige 42 Fly,"['Flybridge', 'Motor Yacht']",13.4,4.2,2010,Used Boat,325000,Croatia
544086,Azimut 43S,['Motor Yacht'],13.37,4.29,2008,Used Boat,239000,Croatia
521273,Azimut 43 S,['Motor Yacht'],13.37,4.29,2008,Used Boat,259400,Croatia
501692,Azimut 43S,['Motor Yacht'],13.37,4.29,2008,Used Boat,228000,Croatia
491228,Jeanneau Prestige 440 S,['Motor Yacht'],13.36,4.16,2012,Used Boat,275000,Croatia
528598,Azimut 42,"['Flybridge', 'Motor Yacht', 'Sport Boat']",13.32,4.2,2006,Used Boat,238500,Croatia
549773,Elan Impression 43,['Sailing Yacht'],13.32,4.25,2023,Used Boat,339000,Croatia
546690,Elan Impression 43,['Sailing Yacht'],13.32,4.25,2023,New boat preordered,319000,Croatia
530601,Elan Impression 43 - ready for delivery,['Sailing Yacht'],13.32,4.25,2023,New Boat from Stock,339000,Croatia
356903,Hanse 430e,['Sailing Yacht'],13.3,4.2,2008,Used Boat,109900,Croatia
550337,Bavaria S40 Coupe,"['Motor Yacht', 'Sport Boat']",13.29,3.99,2017,Used Boat,350000,Croatia
544263,Bavaria S 40 HT,['Hardtop'],13.25,3.99,2017,Used Boat,380000,Croatia
531871,Galeon 420 Fly,"['Flybridge', 'Motor Yacht']",13.25,4.16,2020,Used Boat,599000,Croatia
507120,Galeon 420 Fly,['Motor Yacht'],13.25,4.16,2012,Used Boat,339000,Croatia
548903,Dufour 430 GRAND LARGE,['Sailing Yacht'],13.24,4.3,2019,Used Boat,240000,Croatia
545382,Bavaria S 45 HT - 45,['Motor Yacht'],13.22,4.41,2019,Used Boat,449000,Croatia
542153,Enterprise Marine 43 FLY,"['Flybridge', 'Motor Yacht']",13.22,4.19,2002,Used Boat,200000,Croatia
531141,Azimut 42E,"['Flybridge', 'Motor Yacht']",13.21,4.12,2008,Used Boat,285000,Croatia
524041,Bavaria SR41 COUPE SSV SALE,['Motor Yacht'],13.21,3.99,2022,Used Boat,540000,Croatia
551411,Sasga Yachts MENORQUIN 42 HT,['Hardtop'],13.2,4.0,2017,Used Boat,480000,Croatia
469662,Ferretti 440 S,"['Flybridge', 'Motor Yacht']",13.2,4.28,1991,Used Boat,112000,Croatia
414828,Grand Banks 42,['Trawler'],13.2,4.13,1973,Used Boat,139000,Croatia
537970,Grand Banks 42,['Trawler'],13.18,4.3,2000,Used Boat,249000,Croatia
548900,Princess 435 FLY - AFTCABIN,"['Flybridge', 'Motor Yacht']",13.11,4.18,1989,Used Boat,89000,Croatia
535378,Bali Catamarans Bali 4.3 Special Sailing Edition,"['Catamaran', 'Sailing Yacht']",13.1,7.1,2019,Used Boat,585000,Croatia
541553,Sessa 42 HT,['Motor Yacht'],13.1,3.85,2007,Used Boat,180000,Croatia
537839,Sessa 42,['Motor Yacht'],13.1,3.85,2007,Used Boat,185000,Croatia
544137,Cranchi Mediterranee 43,['Motor Yacht'],13.08,4.13,2013,Used Boat,300000,Croatia
528391,Prestige Yachts 420,"['Flybridge', 'Motor Yacht']",13.06,4.1,2020,Used Boat,495000,Croatia
540601,Nauticat 42 Ketch,"['Cruising Yacht', 'Deck Saloon', 'Sailing Yacht']",13.0,3.97,2013,Used Boat,385000,Croatia
547772,Markline Blue Water 43,['Motor Yacht'],13.0,4.2,1998,Used Boat,145000,Croatia
534215,Azimut 42,['Motor Yacht'],13.0,4.15,2004,Used Boat,220000,Croatia
515126,Innovazione & Progetti Mira 43 HT,['Hardtop'],13.0,4.2,2005,Used Boat,139000,Croatia
461674,Azimut 43 S,['Motor Yacht'],13.0,4.0,2006,Used Boat,249000,Croatia
549155,Elan 43 S,['Sailing Yacht'],12.99,4.0,1988,Used Boat,59900,Croatia
544021,Jeanneau sun odyssey 439,['Sailing Yacht'],12.99,4.24,2011,Used Boat,170000,Croatia
541323,Keizer Yachts 42,['Motor Yacht'],12.99,3.99,2019,Used Boat,400000,Croatia
502824,Bavaria KEIZER 42,['Motor Yacht'],12.99,3.99,2018,Used Boat,380000,Croatia
483823,Azimut 42 Evolution,"['Flybridge', 'Motor Yacht']",12.99,4.1,2008,Used Boat,275000,Croatia
548299,Innovazione & Progetti Mira 43,['Motor Yacht'],12.98,4.15,2004,Used Boat,119000,Slovenia
534490,Delphia Escape 1350,['Motor Yacht'],12.98,3.86,2017,Used Boat,229000,Slovenia
541141,Bianca 420,['Sailing Yacht'],12.95,3.9,1989,Used Boat,93900,Croatia
475829,Jeanneau Sun Odyssey 410,['Sailing Yacht'],12.95,4.0,2020,Used Boat,275000,Slovenia
514411,Bénéteau BENETEAU Cyclades 43,['Sailing Yacht'],12.94,4.43,2005,Used Boat,125000,Croatia
551238,X-Yachts X-43,"['Cruising Yacht', 'Sailing Yacht']",12.93,3.97,2007,Used Boat,205700,Croatia
549074,Jeaneau Sun Odyssey 42 DS,['Sailing Yacht'],12.93,4.93,2011,Used Boat,155500,Croatia
544726,Hallberg-Rassy 42E,['Center Cockpit'],12.93,3.74,1991,Used Boat,189000,Croatia
520660,X-Yachts X - 43,['Sailing Yacht'],12.93,3.97,2004,Used Boat,140000,Croatia
489206,X-Yachts X-43,['Sailing Yacht'],12.93,3.97,2004,Used Boat,140000,Croatia
550694,F42/5,"['Flybridge', 'Motor Yacht']",12.9,4.34,2003,Used Boat,195000,Slovenia
551491,Sealine F 42/5 Fly,"['Flybridge', 'Motor Yacht']",12.88,4.21,2007,Used Boat,195000,Croatia
494012,Malö Yachts 42,['Sailing Yacht'],12.82,3.99,1992,Used Boat,98000,Croatia
548280,Bayliner Avanti 40,['Motor Yacht'],12.81,4.09,1997,Used Boat,82000,Croatia
549585,Lagoon 42,['Power Catamaran'],12.8,7.7,2018,Used Boat,449000,Croatia
548538,Bavaria Vision 42,['Sailing Yacht'],12.8,4.05,2015,Used Boat,172500,Slovenia
547445,Lagoon 42,['Catamaran'],12.8,7.7,2022,Used Boat,749000,Croatia
545893,Lagoon 42,['Catamaran'],12.8,7.7,2017,Used Boat,440000,Croatia
542299,Eurobanker TRAWLER  42,['Trawler'],12.8,4.25,1980,Used Boat,89000,Croatia
540953,Azimut 40,"['Flybridge', 'Motor Yacht']",12.8,4.05,2020,Used Boat,535000,Croatia
518816,Elan Power E42,['Motor Yacht'],12.8,3.9,2006,Used Boat,226000,Croatia
509194,Lagoon 42,['Catamaran'],12.8,7.7,2019,Used Boat,495000,Croatia
495629,Lagoon 42,['Catamaran'],12.79,7.68,2023,Used Boat,546000,Croatia
522525,TRAWLER Monk 42,['Trawler'],12.75,4.27,1987,Used Boat,133000,Croatia
550739,Azimut 43,['Motor Yacht'],12.74,4.22,2008,Used Boat,260000,Croatia
509294,Atlantis 42,['Motor Yacht'],12.74,4.08,2006,Used Boat,189000,Croatia
512439,Princess V42,['Motor Yacht'],12.71,3.67,2000,Used Boat,155000,Croatia
510794,Princess V 42,['Motor Yacht'],12.71,3.67,1999,Used Boat,155000,Croatia
488832,Princess V42 - EW 2010,['Motor Yacht'],12.71,3.67,2010,Used Boat,320000,Croatia
550158,Bali 4.3 MY,['Power Catamaran'],12.7,7.12,2020,Used Boat,724400,Croatia
545894,Dufour 412 Grand Large,['Sailing Yacht'],12.7,4.2,2018,Used Boat,185000,Croatia
479949,Bruno Abbate PRIMATIST B41,['Hardtop'],12.7,4.06,2012,Used Boat,269000,Croatia
540351,Bénéteau GT41,"['Motor Yacht', 'Sport Boat', 'Trawler']",12.67,3.85,2023,New Boat from Stock,599000,Croatia
543884,Bénéteau GT41 / Gran Turismo 41,['Motor Yacht'],12.67,3.87,2023,New Boat from Stock,429000,Croatia
552526,Innovazione & Progetti Mira 43,['Motor Yacht'],12.66,4.15,2005,Used Boat,175000,Croatia
535953,Innovazioni e Progetti Mira 43,['Motor Yacht'],12.66,4.15,2006,Used Boat,149000,Croatia
552364,Princess V40,['Motor Yacht'],12.65,3.81,2022,Used Boat,730000,Croatia
512827,Innovazione & Progetti INNOVAZIONE PROG. Mira 43,['Motor Yacht'],12.65,4.15,2005,Used Boat,137500,Croatia
403535,Lagoon 421,['Catamaran'],12.61,7.53,2010,Used Boat,295000,Croatia
547025,Ta Yang Tayana 41+2,['Trawler'],12.6,3.38,1981,Used Boat,115000,Slovenia
502314,Betina 41,['Motorsailer'],12.6,4.2,2007,Used Boat,125000,Slovenia
496051,Mainship 37,['Motor Yacht'],12.6,4.1,1996,Used Boat,98900,Croatia
431124,Ta Yang Trawler TAYANA 41,['Trawler'],12.6,4.38,1981,Used Boat,115000,Slovenia
547144,Fountaine Pajot Astrea 42,['Catamaran'],12.58,7.2,2023,Used Boat,763000,Croatia
547143,Fountaine Pajot Astrea 42,['Catamaran'],12.58,7.2,2021,Used Boat,655000,Croatia
546837,Fountaine Pajot Astrea 42,['Catamaran'],12.58,7.2,2023,Used Boat,699000,Croatia
546836,Fountaine Pajot Astrea 42,['Catamaran'],12.58,7.2,2021,Used Boat,625000,Croatia
548241,Bavaria 41,['Sailing Yacht'],12.55,4.0,2003,Used Boat,105000,Croatia
531591,Wauquiez International Sas CENTURION 40,['Sailing Yacht'],12.55,3.85,2022,Used Boat,419000,Croatia
520049,Gobbi ATLANTIS 42,['Motor Yacht'],12.54,4.03,2005,Used Boat,185000,Croatia
550180,Galeon 430 Skydeck,"['Flybridge', 'Motor Yacht']",12.5,4.16,2022,Used Boat,599000,Croatia
549356,Dufour 430 GL,['Sailing Yacht'],12.5,4.3,2019,Used Boat,240000,Croatia
543059,X-Yachts X-412,['Sailing Yacht'],12.5,3.9,2001,Used Boat,119000,Croatia
542450,Novamarine Black Shiver 120,['RIB'],12.5,3.68,2020,Used Boat,449000,Croatia
533320,Dufour 430 GL,['Sailing Yacht'],12.5,4.3,2022,Used Boat,495000,Croatia
516326,Jeanneau CAP CAMARAT 12.5 WA,['Hardtop'],12.5,3.54,2020,Used Boat,399000,Slovenia
512277,Jeanneau CAP CAMARAT 12,['Motor Yacht'],12.5,3.58,2020,Used Boat,350000,Croatia
356893,Triplast Y 40,['Sailing Yacht'],12.5,4.12,2009,Used Boat,83500,Croatia
231011,Triplast Y 40,['Sailing Yacht'],12.5,4.2,1994,Used Boat,42000,Croatia
522690,Galeon 410 HTC NEW BOAT,['Hardtop'],12.48,3.95,2023,New Boat on Order,505700,Slovenia
505618,Meridian Yachts 391 SB Sedan,['Motor Yacht'],12.47,4.21,2010,Used Boat,345000,Croatia
551412,Bali Catamarans 4.2  4 Kabinen,['Catamaran'],12.46,7.08,2023,Used Boat,650000,Croatia
546069,Johnson 42,['Motor Yacht'],12.41,4.42,1993,Used Boat,25000,Croatia
551758,Hans Christian 41,['Sailing Yacht'],12.4,4.1,1990,Used Boat,165000,Croatia
545923,Hanse 415,['Sailing Yacht'],12.4,4.17,2016,Used Boat,184000,Croatia
544686,Hanse 418,['Sailing Yacht'],12.4,4.17,2024,New boat preordered,265340,Croatia
535406,Bavaria C42,['Sailing Yacht'],12.4,4.3,2023,Used Boat,290000,Croatia
508834,Posillipo MARTINICA 42 SPECIAL,['Motor Yacht'],12.4,4.29,1978,Used Boat,79000,Croatia
535089,Princess 415 Fly,"['Flybridge', 'Motor Yacht']",12.39,4.24,1990,Used Boat,65000,Croatia
291605,Bénéteau First 40.7 Prototype,['Sailing Yacht'],12.39,3.75,1994,Used Boat,110000,Croatia
548090,Bavaria C 42,['Sailing Yacht'],12.38,4.29,2022,Used Boat,259000,Croatia
551924,Bavaria 41 Cruiser,['Sailing Yacht'],12.35,3.96,2016,Used Boat,140000,Croatia
547008,Dufour 412 Grand Large,['Sailing Yacht'],12.35,4.2,2018,Used Boat,185000,Croatia
530230,X-Yachts 41,['Sailing Yacht'],12.35,3.64,2007,Used Boat,160000,Croatia
524971,Dufour 412 Grand Large,['Sailing Yacht'],12.35,4.2,2016,Used Boat,177000,Croatia
551024,Jeanneau Sun Odyssey 419,['Sailing Yacht'],12.34,4.0,2018,Used Boat,149000,Croatia
549363,Bénéteau Oceanis 411 Clipper,['Sailing Yacht'],12.34,3.94,1999,Used Boat,74000,Croatia
548502,Jeanneau Sun Odyssey 41 DS,['Sailing Yacht'],12.34,3.99,2014,Used Boat,225000,Croatia
539526,Jeanneau Sun Odyssey 419,['Sailing Yacht'],12.34,4.0,2018,Used Boat,149000,Croatia
539525,Jeanneau Sun Odyssey 419,['Sailing Yacht'],12.34,4.0,2018,Used Boat,149000,Croatia
524122,Sessa Oyster 38 Open,['Motor Yacht'],12.3,3.82,2000,Used Boat,109990,Croatia
550281,Bavaria E40 SEDAN,['Hardtop'],12.29,4.2,2017,Used Boat,175000,Croatia
530804,Bavaria E40 FLY,"['Flybridge', 'Motor Yacht']",12.29,4.2,2019,Used Boat,289000,Croatia
530803,Bavaria E40 FLY,"['Flybridge', 'Motor Yacht']",12.29,4.2,2018,Used Boat,269000,Croatia
552064,Sea Ray 37,['Cabin Cruiser'],12.26,3.9,1991,Used Boat,64000,Slovenia
550750,Raffaelli Shamal 40 HT,['Hardtop'],12.26,3.64,2003,Used Boat,90000,Slovenia
481089,Formosa Mandarin,['Sailing Yacht'],12.25,3.7,1985,Used Boat,85000,Croatia
536471,Fairline Targa 40,['Cabin Cruiser'],12.25,3.66,2005,Used Boat,178000,Croatia
332758,Kempers Kempala Kreuzer 1170,['Motor Yacht'],12.25,3.7,1987,Used Boat,62000,Croatia
549508,Azimut 39 Flybridge,"['Flybridge', 'Motor Yacht', 'Trawler']",12.22,4.06,2000,Used Boat,205000,Croatia
538046,Bavaria 400 Sport,['Cabin Cruiser'],12.21,3.99,2015,Used Boat,215000,Croatia
511043,Bavaria S40 Coupe,['Motor Yacht'],12.21,3.97,2019,Used Boat,249000,Croatia
507886,Bavaria 400,['Motor Yacht'],12.21,3.99,2015,Used Boat,220000,Croatia
484817,Bavaria S40 OPEN,['Motor Yacht'],12.21,3.97,2017,Used Boat,169000,Croatia
552155,"Jeanneau Sun Odyssé 40,3",['Sailing Yacht'],12.2,3.95,2005,Used Boat,95000,Croatia
540230,Jeanneau Sun Odyssey 40.3,['Sailing Yacht'],12.2,3.95,2004,Used Boat,119500,Croatia
535753,Bénéteau Monte Carlo 37,['Motor Yacht'],12.2,3.8,2010,Used Boat,195000,Croatia
349769,Cruisers Yachts 3672,['Motor Yacht'],12.2,4.0,2000,Used Boat,83900,Croatia
536111,Bavaria R40 Coupe,['Motor Yacht'],12.19,3.95,2020,Used Boat,495000,Croatia
529165,Grand Soleil  40,['Sailing Yacht'],12.19,3.8,2002,Used Boat,89000,Croatia
549399,Bénéteau Swift Trawler 44,['Motor Yacht'],12.17,4.25,2012,Used Boat,340000,Croatia
483259,Bavaria Lagoon 390,['Sailing Yacht'],12.15,3.97,1991,Used Boat,86500,Croatia
507890,Absolute 39 OPEN,['Motor Yacht'],12.09,3.95,2006,Used Boat,189000,Croatia
547936,Hanse 415,['Sailing Yacht'],12.04,4.17,2014,Used Boat,195000,Croatia
549737,"Jeanneau Voyage 12,50",['Sailing Yacht'],12.0,4.0,1989,Used Boat,40000,Croatia
548625,Sessa Oyster 40,"['Motor Yacht', 'Sport Boat']",12.0,3.95,2001,Used Boat,139000,Croatia
546088,Forbina 40,"['Flybridge', 'Motor Yacht']",12.0,3.96,2004,Used Boat,184500,Croatia
523500,Stama 37 ht,['Motor Yacht'],12.0,3.7,2006,Used Boat,135000,Slovenia
507278,The Swallow Scylla 36,['Sailing Yacht'],12.0,3.66,1979,Used Boat,65000,Croatia
477419,Salpa 38.5 Laver,['Motor Yacht'],12.0,3.86,2008,Used Boat,149000,Croatia
411590,Terra Nauta 40,['Motor Yacht'],12.0,4.0,2009,Used Boat,165000,Croatia
552011,Galeon 385HTS,"['Hardtop', 'Motor Yacht', 'Sport Boat']",11.99,3.84,2012,Used Boat,275000,Croatia
551484,Bavaria C42,['Sailing Yacht'],11.99,4.29,2021,Used Boat,390000,Croatia
551135,Greenline 40,['Hardtop'],11.99,4.25,2020,Used Boat,379000,Croatia
548501,Hanse 418,['Sailing Yacht'],11.99,4.17,2020,Used Boat,255000,Croatia
545370,Greenline 39,['Hardtop'],11.99,3.75,2023,Used Boat,365000,Croatia
544800,Leopard 40,['Catamaran'],11.99,6.72,2018,Used Boat,379000,Croatia
542159,Greenline 40,['Hardtop'],11.99,4.25,2021,Used Boat,397500,Croatia
534481,Leopard 40,['Catamaran'],11.99,6.72,2018,Used Boat,379000,Croatia
420217,Hanse 400e,['Sailing Yacht'],11.99,4.08,2008,Used Boat,109000,Croatia
551173,Bavaria E 40 Fly - 40,['Motor Yacht'],11.98,4.2,2017,Used Boat,229000,Croatia
547037,Innovazione & Progetti Mira 40,['Sport Boat'],11.98,3.66,2001,Used Boat,125000,Croatia
520583,Jeanneau Prestige 42 Fly,"['Flybridge', 'Motor Yacht']",11.98,4.16,2007,Used Boat,260000,Croatia
518230,Nautitech Catamarans 40 OPEN,['Catamaran'],11.98,6.91,2016,Used Boat,285000,Croatia
514239,Cranchi 43 Mediterranee,['Motor Yacht'],11.98,4.04,2008,Used Boat,190000,Slovenia
514120,Jeanneau PRESTIGE 42 S 42S,['Hardtop'],11.98,4.16,2008,Used Boat,242500,Croatia
425260,Nautitech Catamarans Open 40,['Catamaran'],11.98,6.91,2016,Used Boat,285000,Croatia
548088,Lagoon 400 S2,['Catamaran'],11.97,7.25,2014,Used Boat,275000,Croatia
546996,Rodman Spirit 42 Fly,"['Flybridge', 'Motor Yacht']",11.97,4.24,2013,Used Boat,265000,Croatia
524623,Lagoon 400 S2,['Catamaran'],11.97,7.25,2014,Used Boat,289000,Croatia
523119,Sealine C39,['Motor Yacht'],11.97,3.74,2005,Used Boat,175000,Croatia
547617,Bavaria 37 Sport,['Motor Yacht'],11.95,3.99,2009,Used Boat,158000,Croatia
545572,Bavaria 37 Sport,['Motor Yacht'],11.95,3.89,2007,Used Boat,159000,Croatia
543273,Cranchi Mediterranee 43,['Motor Yacht'],11.95,4.13,2013,Used Boat,329000,Croatia
539610,Sea Ray 375 DA Sundancer,['Motor Yacht'],11.95,3.66,2004,Used Boat,89000,Slovenia
535091,Sunseeker Mustique 42,['Motor Yacht'],11.95,3.97,1995,Used Boat,94000,Croatia
528617,Bavaria 420 VIRTESS FLY - BJ. 2019,"['Flybridge', 'Motor Yacht']",11.95,4.21,2019,Used Boat,659000,Croatia
496392,SACS Stratos 42,['RIB'],11.95,3.62,2009,Used Boat,99900,Croatia
533247,Dufour 390 Grand Large,['Sailing Yacht'],11.94,3.99,2019,Used Boat,170000,Croatia
539825,Bavaria 39 Cruiser,['Sailing Yacht'],11.93,3.97,2007,Used Boat,78000,Croatia
536092,Bavaria 39,['Sailing Yacht'],11.93,3.97,2006,Used Boat,84000,Croatia
463844,Bali Catamarans 4.0,['Catamaran'],11.93,6.72,2017,Used Boat,289900,Croatia
544803,Edership Symbol 41 DC,"['Flybridge', 'Motor Yacht']",11.92,4.09,1993,Used Boat,126000,Croatia
551433,Edership Astor 39,['Motor Yacht'],11.9,4.1,1989,Used Boat,74500,Croatia
513412,Rodman 44 FLY,"['Flybridge', 'Motor Yacht']",11.9,4.1,2003,Used Boat,195000,Croatia
525023,SAS-Vektor 39,"['Classic Sailing Yacht', 'Daysailer', 'Sailing Yacht']",11.89,3.85,1990,Used Boat,56000,Croatia
539400,SAS Vector 39,['Sailing Yacht'],11.89,3.85,1990,Used Boat,59000,Croatia
536093,Bali Catamarans 4.0,['Catamaran'],11.88,6.72,2018,Used Boat,299000,Croatia
552581,Bénéteau Cyclades 39,['Sailing Yacht'],11.86,3.95,2007,Used Boat,95000,Croatia
534777,Innovazioni e Progetti Mira 37,['Motor Yacht'],11.86,3.7,2003,Used Boat,118500,Croatia
549036,Elan Impression 40.1,['Sailing Yacht'],11.83,3.91,2022,Used Boat,234900,Croatia
522790,Cranchi ATLANTIQUE 38,['Motor Yacht'],11.83,3.83,1995,Used Boat,115000,Croatia
528639,Faeton 11.80 Moraga,['Motor Yacht'],11.8,3.95,2005,Used Boat,100000,Croatia
546552,Bavaria 37 Sport,['Motor Yacht'],11.77,3.85,2008,Used Boat,99500,Croatia
548927,Jeanneau SO 40.3,"['Cruising Yacht', 'Sailing Yacht']",11.75,3.95,2004,Used Boat,109500,Croatia
537172,Jeanneau Sun Odyssey 40.3,['Sailing Yacht'],11.75,3.95,2004,Used Boat,109900,Croatia
446613,Edership 37,"['Flybridge', 'Motor Yacht']",11.75,3.98,1987,Used Boat,75000,Croatia
546688,Lagoon 40,['Catamaran'],11.74,6.76,2020,Used Boat,420000,Croatia
546681,Lagoon 40,['Catamaran'],11.74,6.76,2019,Used Boat,369000,Croatia
536091,Lagoon 39,['Catamaran'],11.74,6.79,2017,Used Boat,290000,Croatia
520613,Lagoon 39,['Catamaran'],11.74,6.79,2013,Used Boat,283000,Croatia
495388,Lagoon 40,['Catamaran'],11.74,6.76,2020,Used Boat,458000,Croatia
548773,Lagoon 40,['Catamaran'],11.73,6.76,2023,Used Boat,520000,Croatia
522214,Bavaria 38 Cruiser,['Sailing Yacht'],11.72,3.9,2008,Used Boat,75000,Croatia
551995,Fiart Mare 35 SW,['Center Console'],11.7,3.8,2023,Display Model,495000,Slovenia
551294,Galeon 390 HT,['Hardtop'],11.7,3.66,2009,Used Boat,185000,Croatia
534232,Grand Soleil  37BC,['Sailing Yacht'],11.7,3.57,2008,Used Boat,145000,Croatia
482780,President 37,['Motor Yacht'],11.7,3.91,1988,Used Boat,64800,Croatia
341550,Wellcraft 360,['Fishing Boat'],11.7,4.16,2006,Used Boat,199000,Croatia
547406,Bavaria 47,['Sailing Yacht'],11.68,4.45,2009,Used Boat,169000,Croatia
537061,Jeanneau Prestige 390S,['Motor Yacht'],11.67,3.89,2012,Used Boat,270000,Croatia
508833,Bavaria S40 Coupe,['Hardtop'],11.65,3.99,2022,New Boat from Stock,420309,Croatia
537981,Hallberg-Rassy HALLBERG RASSY 38,['Sailing Yacht'],11.61,3.5,1978,Used Boat,65000,Croatia
536945,Hallberg-Rassy HALLBERG RASSY 38,['Sailing Yacht'],11.61,3.5,1978,Used Boat,65000,Croatia
451536,Jeanneau LEADER 36,['Motor Yacht'],11.61,3.61,2019,Used Boat,255000,Croatia
544943,Scachner Boote FLAGSHIP 38 SCHACHNER,"['Flybridge', 'Motor Yacht']",11.6,3.95,1995,Used Boat,82000,Croatia
544068,Cruisers 360,['Motor Yacht'],11.6,3.8,2008,Used Boat,179000,Croatia
537830,Jeanneau Leader 36,['Motor Yacht'],11.6,3.6,2020,Used Boat,339000,Croatia
503633,Salona 380,['Sailing Yacht'],11.6,3.72,2017,Used Boat,183000,Croatia
517879,Reflex 38,['Sailing Yacht'],11.58,3.9,2002,Used Boat,70000,Croatia
544896,Lagoon 40,['Catamaran'],11.57,6.76,2019,Used Boat,380000,Croatia
519253,Bavaria S40 Coupe,['Motor Yacht'],11.56,3.99,2016,Used Boat,250000,Croatia
427777,Grandezza 37 CA,['Hardtop'],11.55,3.5,2023,New boat preordered,474200,Croatia
403517,Lagoon 380,['Catamaran'],11.55,6.53,2011,Used Boat,193000,Croatia
550972,SACS STRIDER 11 outboard SUNDECK,['Center Console'],11.51,3.79,2013,Used Boat,169000,Croatia
535954,Jeanneau Leader 36,['Motor Yacht'],11.51,3.62,2020,Used Boat,339000,Croatia
521627,SACS 11 Strider,['RIB'],11.51,3.73,2019,Used Boat,269000,Croatia
543783,Viko S35,['Sailing Yacht'],11.5,3.74,2023,New Boat from Stock,142000,Croatia
533785,Cranchi M38HT,['Hardtop'],11.5,3.8,2017,Used Boat,300000,Slovenia
530595,Galeon 375 GTO NEW BOAT,['Cabin Cruiser'],11.5,3.65,2023,New Boat on Order,384100,Slovenia
514561,Salona 38,['Sailing Yacht'],11.5,3.62,2012,Used Boat,94500,Slovenia
501384,Salona 38,['Daysailer'],11.5,3.62,2012,Used Boat,98000,Croatia
501235,Salona 38,['Sailing Yacht'],11.5,3.62,2012,Used Boat,96000,Croatia
285211,Elan Impression 384,['Sailing Yacht'],11.5,3.9,2010,Used Boat,109500,Croatia
273873,Elan Impression 384,['Sailing Yacht'],11.5,3.9,2005,Used Boat,71000,Croatia
527732,"Sunbeam 34S (37,5ft)",['Sailing Yacht'],11.45,3.45,1993,Used Boat,78000,Croatia
543918,Bavaria 36 Holiday,['Sailing Yacht'],11.45,3.68,1998,Used Boat,54000,Croatia
516579,Riviera 3350,"['Flybridge', 'Motor Yacht']",11.45,4.08,2004,Used Boat,150000,Croatia
533154,Sea Ray 375 DA,['Motor Yacht'],11.43,3.66,2004,Used Boat,149500,Croatia
516410,Leopard 38,['Catamaran'],11.43,6.04,2010,Used Boat,214000,Croatia
550663,Nauticat MS Nauticat 38,"['Deck Saloon', 'Ketch', 'Motorsailer']",11.42,3.4,1981,Used Boat,119000,Croatia
551078,Bavaria 36,['Classic Sailing Yacht'],11.4,3.6,2004,Used Boat,65000,Croatia
545907,Rodman 38,['Motor Yacht'],11.4,3.95,2004,Used Boat,159000,Croatia
545386,Invictus GT370,['Motor Yacht'],11.4,3.5,2022,Used Boat,552950,Croatia
523986,Delphia 37.3,['Sailing Yacht'],11.4,3.61,2007,Used Boat,85000,Croatia
478083,Lefevre Dervin 12 Sloop,['Classic Sailing Yacht'],11.4,3.8,1938,Used Boat,64800,Croatia
492916,Sealine 39 SC,['Hardtop'],11.37,3.74,2006,Used Boat,165000,Croatia
552232,Contest 38 S Ketch,"['Ketch', 'Sailing Yacht']",11.36,3.65,1980,Used Boat,79500,Croatia
530506,Bavaria 37 Cruiser,['Sailing Yacht'],11.35,3.8,2007,Used Boat,72000,Croatia
548089,Jeanneau Sun Odyssey 389,['Sailing Yacht'],11.34,3.76,2018,Used Boat,142000,Croatia
534482,Jeanneau Sun Odyssey 389,['Sailing Yacht'],11.34,3.76,2017,Used Boat,135000,Croatia
530977,Bavaria 37 Cruiser,['Sailing Yacht'],11.33,3.8,2007,Used Boat,72000,Croatia
521508,Bavaria C38,['Keelboat'],11.31,3.98,2023,Used Boat,239000,Croatia
501534,Absolute 39,['Motor Yacht'],11.31,3.95,2014,Used Boat,118000,Croatia
551801,Nauticat 331 Ketch,"['Ketch', 'Sailing Yacht']",11.3,3.4,2012,Used Boat,185000,Croatia
551295,Nauticat 331,['Sailing Yacht'],11.3,3.4,2012,Used Boat,185000,Croatia
550084,Nauticat 331,['Sailing Yacht'],11.3,3.4,2012,Used Boat,185000,Croatia
550054,Bavaria 37 Cruiser,['Sailing Yacht'],11.3,3.67,2014,Used Boat,118000,Croatia
537848,NAUTICAT 331,"['Motorsailer', 'Sailing Yacht']",11.3,3.4,2012,Used Boat,185000,Croatia
540312,Bavaria 37 Cruiser,['Sailing Yacht'],11.3,3.67,2015,Used Boat,110000,Croatia
536504,Midnight Express 37 cabin,['Fishing Boat'],11.3,3.5,2015,Used Boat,115000,Croatia
528995,Bavaria Cruiser 37,['Sailing Yacht'],11.3,3.67,2018,Used Boat,148000,Croatia
487338,Lenny Gear AC DC DAYCRUISER (,['Sailing Yacht'],11.3,3.4,2005,Used Boat,70000,Croatia
517779,Bénéteau Swift Trawler 35,['Trawler'],11.29,3.96,2020,Used Boat,289000,Croatia
469816,Salona 37,['Sailing Yacht'],11.29,3.6,2005,Used Boat,120000,Croatia
546600,Najad 370,['Sailing Yacht'],11.25,3.63,1993,Used Boat,105000,Croatia
538125,Axopar 37 Sun Top Brabus-Line,"['Bowrider', 'Motor Yacht', 'Sport Boat']",11.2,3.3,2019,Used Boat,260000,Croatia
534583,Sunseeker Tomahawk 37,['Motor Yacht'],11.2,3.2,1991,Used Boat,110000,Croatia
549464,Nauticat 38,['Motorsailer'],11.2,3.4,1983,Used Boat,84000,Croatia
546054,Mainship TRAWLER  400,['Trawler'],11.2,4.3,2004,Used Boat,195000,Croatia
542444,Dufour 380 Grand Large,['Sailing Yacht'],11.2,3.99,2014,Used Boat,125000,Croatia
540217,Mainship 400,['Trawler'],11.2,4.35,1994,Used Boat,125000,Croatia
515611,Sea Ray 355 SUNDANCER,['Motor Yacht'],11.2,3.48,2005,Used Boat,93000,Croatia
420683,Bénéteau BENETEAU Oceanis 38.1,['Sailing Yacht'],11.13,3.99,2018,Used Boat,149000,Croatia
483156,Galeon 325HT,"['Cabin Cruiser', 'Hardtop', 'Motor Yacht']",11.1,3.35,2010,Used Boat,139000,Croatia
515205,Sealine C335v,['Motor Yacht'],11.01,3.5,2021,Used Boat,295000,Croatia
546795,Jeanneau Sun dance 36,['Sailing Yacht'],11.0,3.8,1990,Used Boat,48000,Croatia
540396,Gib Sea 37,['Sailing Yacht'],11.0,3.72,2003,Used Boat,70000,Croatia
545043,Mimi Libeccio 11 cabin,['Cabin Cruiser'],11.0,3.5,2023,New Boat from Stock,360120,Croatia
544404,Omega 36,['Sailing Yacht'],11.0,3.36,1987,Used Boat,40000,Croatia
535550,Independent Catamaran IC36,['Catamaran'],11.0,6.2,2021,Used Boat,420000,Croatia
526306,Greenline 36 neo coupe,['Cabin Cruiser'],11.0,3.4,2018,Used Boat,105000,Croatia
510793,Ferretti 36 Fly,"['Flybridge', 'Motor Yacht']",11.0,4.15,1990,Used Boat,70000,Croatia
473733,Viko Yachts S 35,['Sailing Yacht'],11.0,3.75,2021,Display Model,110000,Croatia
366755,Fountaine Pajot MY 37,['Power Catamaran'],11.0,5.1,2018,Used Boat,349000,Croatia
299430,Princess 37,['Motor Yacht'],11.0,3.78,1979,Used Boat,29000,Croatia
542511,Galeon 325 Open,['Motor Yacht'],10.99,3.3,2013,Used Boat,128000,Croatia
520352,Sea Ray 340,['Motor Yacht'],10.95,3.63,1989,Used Boat,47900,Croatia
537171,Bavaria 33 HT Sport,['Motor Yacht'],10.94,3.31,2020,Used Boat,209000,Croatia
552065,Cranchi Zaffiro 34,['Cabin Cruiser'],10.9,3.6,2007,Used Boat,109000,Slovenia
551617,Cruisers Yachts CRUISERS 3380 Esprit Fly,"['Flybridge', 'Motor Yacht', 'Trawler']",10.9,3.58,1991,Used Boat,55000,Croatia
552278,Fairline 36 Sedan Fly,['Flybridge'],10.87,4.05,1989,Used Boat,73000,Croatia
508784,Jeanneau Leader 40,['Motor Yacht'],10.87,3.9,2016,Used Boat,299000,Croatia
447706,Hucky Ketch 37,"['Ketch', 'Sailing Yacht']",10.86,3.45,2013,Used Boat,11800,Croatia
517502,Dufour 36 Classic,['Sailing Yacht'],10.82,3.77,2003,Used Boat,85000,Croatia
551160,Bavaria 36 Sport Open,['Motor Yacht'],10.8,3.59,2016,Used Boat,179000,Croatia
547205,Bavaria Sport 36 Coupe,['Motor Yacht'],10.8,3.59,2018,Used Boat,209000,Croatia
543910,Bavaria S 36 HT - 2020,['Hardtop'],10.8,3.59,2016,Used Boat,279000,Croatia
510037,Crownline 340,['Motor Yacht'],10.8,3.64,2008,Used Boat,99000,Slovenia
505985,Bénéteau Antares 10.80 Fly,"['Flybridge', 'Motor Yacht']",10.8,3.48,2008,Used Boat,89500,Croatia
480785,Bénéteau Antares 10.80 Fly,"['Flybridge', 'Motor Yacht']",10.8,3.48,2008,Used Boat,89000,Croatia
523580,Cobalt 343,['Sport Boat'],10.78,2.95,2006,Used Boat,99000,Croatia
551857,Dufour 35,['Sailing Yacht'],10.75,3.75,1974,Used Boat,39700,Croatia
466198,Starfisher 34,"['Flybridge', 'Motor Yacht']",10.74,3.68,2005,Used Boat,82900,Croatia
510050,Bayliner AVANTI EXPRESS 3255,['Motor Yacht'],10.71,3.35,1995,Used Boat,35000,Croatia
530483,Fiskars Finnsailer 35,['Motorsailer'],10.7,3.21,2008,Used Boat,125000,Croatia
515501,Elan 35 HT,['Hardtop'],10.68,3.5,2011,Used Boat,175000,Croatia
510942,Elan 35 POWER,['Motor Yacht'],10.67,3.49,2007,Used Boat,115000,Slovenia
540282,Bénéteau BENETEAU First 35,['Sailing Yacht'],10.66,3.64,2011,Used Boat,75000,Croatia
546053,Dufour 4800,['Sailing Yacht'],10.65,3.4,1981,Used Boat,23900,Croatia
522505,Jeanneau Espace 1000,['Sailing Yacht'],10.65,3.65,1985,Used Boat,37500,Croatia
464646,Maxum 3500 SY,['Motor Yacht'],10.64,3.71,2007,Used Boat,99500,Slovenia
513264,Broom & Son Co. Ltd BROOM 35 SEDAN,['Motor Yacht'],10.62,3.71,1979,Used Boat,37000,Croatia
549912,Elan E4,['Sailing Yacht'],10.6,3.5,2018,Used Boat,189000,Croatia
544947,Sessa C35,['Motor Yacht'],10.6,3.53,2008,Used Boat,89500,Croatia
530565,Elan E4 - delivery September 2023,['Sailing Yacht'],10.6,3.5,2023,New boat preordered,208900,Croatia
520908,Italboats Stingher 32 GT,['RIB'],10.6,3.43,2022,New Boat from Stock,180000,Croatia
515190,Sessa Oyster 35,['Motor Yacht'],10.6,3.53,2005,Used Boat,145000,Croatia
507245,Elan 350,['Sailing Yacht'],10.6,3.5,2012,Used Boat,85000,Croatia
505383,Cruisers 330,['Motor Yacht'],10.6,3.8,2007,Used Boat,125000,Croatia
549383,Hanse 355,['Sailing Yacht'],10.59,3.55,2021,Used Boat,250000,Croatia
535749,Sealine SC35,['Motor Yacht'],10.57,3.75,2009,Used Boat,215000,Croatia
495687,Jeanneau Leader 33,['Motor Yacht'],10.57,3.27,2020,Used Boat,178000,Croatia
551223,Jeanneau Leader 33,['Hardtop'],10.56,3.27,2019,Used Boat,255000,Croatia
543201,Vindö 50SL,['Ketch'],10.56,3.1,2017,Used Boat,259000,Croatia
513124,Jeanneau Leader 33,['Motor Yacht'],10.56,3.27,2020,Used Boat,186000,Croatia
508686,Carver Yachts Carver 346 Fly,"['Flybridge', 'Motor Yacht']",10.54,4.0,2002,Used Boat,79000,Croatia
544071,Marine Projects MOODY 346,['Sailing Yacht'],10.52,3.53,1987,Used Boat,48900,Croatia
551763,Jeanneau MERRY FISHER 1095,['Hardtop'],10.5,3.35,2022,Used Boat,279000,Croatia
548784,Hanse 355,['Sailing Yacht'],10.5,3.55,2011,Used Boat,65000,Croatia
543605,Jeanneau Merry Fisher 1095,['Motor Yacht'],10.5,3.37,2023,Used Boat,273500,Croatia
540281,Moody 346,['Sailing Yacht'],10.5,3.56,1987,Used Boat,48900,Croatia
356905,Sealine 330,"['Flybridge', 'Motor Yacht']",10.5,3.35,1996,Used Boat,80000,Croatia
547970,Jeanneau Merry Fisher 1095,['Motor Yacht'],10.45,3.37,2022,Used Boat,269000,Croatia
530096,Jeanneau Merry Fisher 1095,"['Hardtop', 'Motor Yacht', 'Pilothouse']",10.45,3.37,2022,Used Boat,269000,Croatia
533241,Elan 333,['Sailing Yacht'],10.44,3.46,2000,Used Boat,45000,Croatia
546438,Bavaria 33 Sport - 33,['Motor Yacht'],10.4,3.45,2009,Used Boat,113500,Croatia
510829,Cobrey 33HT,"['Cabin Cruiser', 'Hardtop', 'Motor Yacht']",10.4,3.19,2021,Used Boat,299000,Croatia
531988,FIM Regina 340,['Cabin Cruiser'],10.4,2.99,2023,New Boat from Stock,383310,Croatia
494587,Mainship 34 Pilot Sedan,['Motor Yacht'],10.36,3.73,2008,Used Boat,109500,Croatia
487761,Pearlsea 33 Open,['Motor Yacht'],10.34,3.35,2016,Used Boat,130000,Croatia
516583,Primatist B41,['Motor Yacht'],10.3,4.06,2016,Used Boat,330000,Croatia
542443,Dufour 335 Grand Large,['Sailing Yacht'],10.28,3.49,2012,Used Boat,85000,Croatia
525135,Saxdor 320 GTO - TWIN MERCURY 225 hp,['Hardtop'],10.28,3.1,2023,New Boat from Stock,189555,Croatia
492712,Saxdor 320 GTC,['Motor Yacht'],10.28,3.1,2022,Used Boat,242000,Croatia
544954,Bavaria 33 Cruiser,['Sailing Yacht'],10.25,3.48,2006,Used Boat,65000,Croatia
543051,Jeanneau MERRY FISHER 10,"['Flybridge', 'Motor Yacht']",10.22,3.33,2011,Used Boat,119000,Croatia
507419,Sea Ray 365 DA,['Motor Yacht'],10.21,3.48,2002,Used Boat,91000,Croatia
550276,Bavaria 32 Sport,['Motor Yacht'],10.2,3.2,2005,Used Boat,86000,Croatia
481809,Uljanik Trawler,['Trawler'],10.15,2.96,1973,Used Boat,19900,Slovenia
539707,Yachtline SR 30,['Motor Yacht'],10.12,2.55,2017,Used Boat,89000,Croatia
544946,Nauticat 33,['Motorsailer'],10.11,3.25,1972,Used Boat,69000,Croatia
539075,Nauticat 33,['Motorsailer'],10.11,3.35,1982,Used Boat,79000,Croatia
512958,Elan 350,['Sailing Yacht'],10.1,3.5,2012,Used Boat,84000,Croatia
537880,Tullio Abbate 33,['Motor Yacht'],10.05,2.7,1994,Used Boat,19800,Croatia
522296,Grandezza 34 OC,['Hardtop'],10.03,3.23,2023,New Boat from Stock,372870,Croatia
552342,Bénéteau Oceanis 331 Clipper,['Sailing Yacht'],10.0,3.45,2002,Used Boat,52000,Croatia
550747,Sealine Ambassador 29,['Hardtop'],10.0,3.15,1991,Used Boat,33000,Croatia
549474,Elan 33,['Sailing Yacht'],10.0,3.3,1990,Used Boat,18900,Croatia
548298,Bénéteau 34 GT,['Hardtop'],10.0,3.4,2012,Used Boat,173000,Slovenia
543066,Fairline Corniche 31 Fly,"['Flybridge', 'Motor Yacht']",10.0,3.53,1986,Used Boat,49900,Croatia
528217,Elan 34,['Keelboat'],9.99,3.3,1992,Used Boat,39000,Croatia
550848,Bavaria Cruiser 32,['Sailing Yacht'],9.99,3.48,2011,Used Boat,88000,Croatia
541921,Cranchi 35 zaffiro,['Motor Yacht'],9.99,3.49,2023,New Boat from Stock,399000,Croatia
535811,Salona 33,['Sailing Yacht'],9.99,3.35,2015,Used Boat,69999,Croatia
524969,Bavaria Cruiser 33,['Sailing Yacht'],9.99,3.48,2013,Used Boat,80000,Croatia
514488,Greenline 33,['Hardtop'],9.99,3.49,2019,Used Boat,290000,Croatia
506485,Scanner Envy 950 Touring,['RIB'],9.99,3.3,2016,Used Boat,96000,Croatia
549579,Crownline 325 SCR,"['Bowrider', 'Sport Boat']",9.98,2.95,2014,Used Boat,95000,Croatia
521907,Dufour 360 Grand Large,['Keelboat'],9.98,3.54,2018,Used Boat,129500,Croatia
519318,Merry Fisher 38F - 38,['Flybridge'],9.98,3.8,2019,Used Boat,385000,Croatia
461468,Princess 33 Fly,['Cabin Cruiser'],9.97,3.4,1985,Used Boat,33900,Croatia
480497,Bavaria Sport 33,"['Motor Yacht', 'Sport Boat']",9.96,3.45,2007,Used Boat,89000,Croatia
512180,Bavaria 33 Sport Caribic,['Motor Yacht'],9.96,3.4,2009,Used Boat,120000,Croatia
547027,Cantieri Estensi Goldstar 360,['Motor Yacht'],9.96,3.8,2004,Used Boat,129000,Croatia
545514,Cantieri Estensi Goldstar 360,['Hardtop'],9.96,3.8,2007,Used Boat,155000,Croatia
541443,Estensi Goldstar 360,['Motor Yacht'],9.96,3.2,2004,Used Boat,140000,Croatia
459974,Jeanneau Sun Odyssey 33i,['Sailing Yacht'],9.96,3.34,2013,Used Boat,77000,Croatia
542461,Bayliner 3258 AVANTI,['Flybridge'],9.95,3.3,1995,Used Boat,53500,Croatia
530807,Invictus GT 320,['Cabin Cruiser'],9.95,3.03,2023,New Boat on Order,382000,Croatia
528059,Marex 320 Aft Cabin Cruiser,['Hardtop'],9.94,3.3,2019,Used Boat,290000,Croatia
541139,Jeanneau Merry Fisher 10,['Flybridge'],9.9,3.35,2011,Used Boat,119000,Croatia
498900,Mochi Craft 1000 Fly,['Flybridge'],9.9,3.0,1986,Used Boat,58500,Croatia
206711,Fairline Targa 33,['Motor Yacht'],9.86,3.24,1996,Used Boat,45000,Croatia
552508,Bavaria 32 Bavaria,['Sailing Yacht'],9.85,3.35,2003,Used Boat,50000,Croatia
520294,Grandezza 34 OC,['Hardtop'],9.85,3.43,2022,Used Boat,405000,Croatia
520192,Solemar NIGHT&DAY 32,['RIB'],9.85,3.32,2006,Used Boat,72000,Croatia
552339,Monterey CRUISER 322,['Sport Boat'],9.8,3.3,2001,Used Boat,58000,Croatia
552071,Windy 9800,['Cabin Cruiser'],9.8,2.96,1986,Used Boat,28000,Croatia
551273,Dehler OPTIMA 98GS,"['Keelboat', 'Sailing Yacht']",9.8,3.0,1983,Used Boat,18000,Croatia
548178,Einzelbau,['Sailing Yacht'],9.8,2.7,1968,Used Boat,14500,Croatia
509096,Europe Marine Viper 303,['Cabin Cruiser'],9.8,3.0,2013,Used Boat,69000,Croatia
523987,Delphia 31,['Sailing Yacht'],9.78,3.4,2012,Used Boat,49000,Croatia
510349,Sessa C 32,['Motor Yacht'],9.75,3.15,2011,Used Boat,141500,Croatia
537846,Sessa C 32 HT,['Sport Boat'],9.75,3.15,2011,Used Boat,141500,Croatia
496921,Regal 3350,['Sport Boat'],9.75,3.45,2005,Used Boat,119000,Croatia
525733,Chaparral 29 Signature,['Sport Boat'],9.73,2.97,1997,Used Boat,37500,Croatia
539192,Saga 32,['Pilothouse'],9.7,3.15,1996,Used Boat,69000,Croatia
431117,?IBENIK 800,['Cabin Cruiser'],9.7,3.0,2007,Used Boat,63000,Croatia
431115,?IBENIK 800 Elegance,['Pilothouse'],9.7,3.0,2011,Used Boat,89000,Slovenia
548321,Bénéteau Oceanis 31,['Sailing Yacht'],9.69,3.39,2009,Used Boat,66000,Croatia
535941,Melges 32,['Regatta Boat'],9.68,2.94,2007,Used Boat,62000,Slovenia
529810,Viper 303,['Sport Boat'],9.65,3.0,2014,Used Boat,135000,Croatia
549557,Bayliner 3055,['Motor Yacht'],9.61,3.29,1999,Used Boat,66000,Croatia
547598,Jeanneau Sun Odyssey 32,['Sailing Yacht'],9.6,3.3,2002,Used Boat,47000,Croatia
547571,Sealine 31 SB,['Motor Yacht'],9.6,3.2,1997,Used Boat,58000,Croatia
513976,Bayliner 305,"['Motor Yacht', 'Sport Boat']",9.6,3.35,2006,Used Boat,59900,Croatia
545895,Jeanneau Prestige 32 Fly,['Flybridge'],9.6,3.6,2007,Used Boat,139000,Croatia
518063,Brabus Shadow 500 Cabin,['Sport Boat'],9.6,2.95,2021,Used Boat,279000,Croatia
509847,Bayliner 305 SB,['Motor Yacht'],9.6,3.29,2003,Used Boat,59000,Croatia
469803,Custom 96,['Sailing Yacht'],9.6,2.49,2003,Used Boat,59000,Croatia
548091,Bénéteau Oceanis 30.1,['Sailing Yacht'],9.53,2.99,2022,Used Boat,119500,Croatia
546668,Jeanneau NC9,['Hardtop'],9.53,3.15,2018,Used Boat,179900,Slovenia
547831,Bavaria S29,"['Cabin Cruiser', 'Motor Yacht']",9.52,2.99,2021,Used Boat,169000,Croatia
508027,Fairline Corniche 31,['Flybridge'],9.52,3.36,1992,Used Boat,69500,Croatia
546528,SAS-Vektor SAS Vektor 950,"['Cabin Cruiser', 'Motor Yacht', 'Trawler']",9.5,3.2,2004,Used Boat,79000,Croatia
545998,Sessa S32,"['Motor Yacht', 'Sport Boat']",9.5,3.0,2003,Used Boat,59000,Croatia
545568,Sessa C30,"['Cabin Cruiser', 'Motor Yacht', 'Sport Boat']",9.5,3.0,2008,Used Boat,79000,Croatia
545058,Mimi Libeccio 9.5 WA,['Center Console'],9.5,3.0,2023,New Boat from Stock,241200,Croatia
535589,Sessa C32,['Motor Yacht'],9.5,3.0,2011,Used Boat,155000,Croatia
505730,Bénéteau First 31.7,['Daysailer'],9.5,3.23,2008,Used Boat,54000,Croatia
537568,Sea Ray 325 DA,['Sport Boat'],9.47,2.95,2006,Used Boat,63000,Slovenia
536349,Sea Ray 325,['Cabin Cruiser'],9.47,2.9,2006,Used Boat,69000,Slovenia
395639,Sea Ray 315 / 280 DA,['Motor Yacht'],9.47,2.87,2005,Used Boat,59000,Croatia
403986,Jeanneau Sun Odyssey 32i,['Sailing Yacht'],9.45,3.32,2008,Used Boat,47000,Croatia
549177,Scarani Cruiser 31 Biscay,"['Cabin Cruiser', 'Motor Yacht']",9.4,2.99,2007,Used Boat,65000,Croatia
528979,Jeanneau Nc9,"['Cabin Cruiser', 'Motor Yacht']",9.4,3.15,2019,Used Boat,180000,Croatia
284709,Salpa 32.5 Laver,['Motor Yacht'],9.4,3.3,2008,Used Boat,69900,Croatia
517896,Dufour 3800,['Sailing Yacht'],9.35,3.2,1982,Used Boat,25500,Slovenia
549385,Bayliner 3055,['Sport Boat'],9.33,3.05,1994,Used Boat,39000,Croatia
292667,Damor 900,['Sport Boat'],9.3,2.99,2004,Used Boat,39000,Croatia
270274,Bayliner 288 Fly,['Sport Boat'],9.3,3.0,2004,Used Boat,54500,Croatia
239908,Bayliner 300 SB,['Sport Boat'],9.3,3.05,2008,Used Boat,52900,Croatia
549265,Sea Ray 290 DA Sundancer,['Motor Yacht'],9.29,2.74,1992,Used Boat,25900,Croatia
496492,Sea Ray SeaRay 290DA Sundancer 1992,"['Cabin Cruiser', 'Motor Yacht']",9.29,2.74,1992,Used Boat,25500,Croatia
531959,Bavaria S29,['Motor Yacht'],9.28,2.99,2023,New boat preordered,159000,Croatia
531897,Bavaria S30,['Motor Yacht'],9.28,2.99,2023,New Boat from Stock,196860,Croatia
484419,Jeanneau Leader 30,['Sport Boat'],9.23,2.98,2018,Used Boat,119900,Croatia
551569,Axopar 28 T-TOP,['Sport Boat'],9.2,2.95,2019,Used Boat,138000,Croatia
551070,Axopar 28 Cabin - Brabus,['Sport Boat'],9.2,2.95,2020,Used Boat,168000,Croatia
542395,Arcoa 975,['Motor Yacht'],9.2,3.4,1990,Used Boat,29000,Croatia
549892,Jeanneau Cap Camarat WA 9.0,['Cabin Cruiser'],9.2,2.98,2019,Used Boat,154000,Croatia
540973,Axopar 28,['Sport Boat'],9.2,2.95,2021,Used Boat,279000,Croatia
536965,Cruisers Cruisers Yachts Rogue 3070,['Sport Boat'],9.2,3.2,1991,Used Boat,19000,Croatia
534571,Mirakul 30,['Sport Boat'],9.2,3.03,2015,Used Boat,85000,Croatia
533319,Mirakul 30,['Motor Yacht'],9.2,3.03,2022,Used Boat,130000,Croatia
539036,Botnia Marin / Targa Targa 30,['Motor Yacht'],9.19,3.25,2003,Used Boat,109000,Croatia
542477,Dalpol Phobos 29,"['Cruising Dinghy', 'Sailing Yacht']",9.15,2.95,2018,Used Boat,35900,Croatia
537062,Bénéteau Antares 9 OB,['Pilothouse'],9.12,2.95,2023,Used Boat,135000,Slovenia
507247,Sparkman & Stephens 6.6,['Sailing Yacht'],9.1,2.85,1971,Used Boat,8000,Croatia
501772,Salpa Soleil 30,['RIB'],9.1,3.2,2022,Used Boat,199900,Slovenia
533554,Finnmaster T9 ST,['Cabin Cruiser'],9.04,3.23,2023,New Boat on Order,241400,Croatia
551003,Scarab Wellcraft 302 Sport,['Center Console'],8.99,2.44,2001,Used Boat,39000,Croatia
546470,Axopar 28 T-Top,['Sport Boat'],8.99,2.85,2016,Used Boat,95000,Croatia
496736,Bavaria 28 Sport,['Sport Boat'],8.99,2.99,2011,Used Boat,85000,Croatia
538492,Müller Drachen 1960,['Daysailer'],8.95,1.9,1960,Used Boat,30200,Croatia
546862,Sea Ray 290 Sundancer,['Motor Yacht'],8.95,2.95,1995,Used Boat,35000,Croatia
537969,Bavaria S 29,['Cabin Cruiser'],8.95,2.99,2018,Used Boat,110000,Croatia
499899,Bayliner 3055 - 2X V8 260 PS,['Sport Boat'],8.95,3.0,1992,Used Boat,25000,Croatia
517179,Bayliner 2855 Ciera,['Sport Boat'],8.91,2.9,1999,Used Boat,30000,Croatia
551993,Invictus GT 280,['Center Console'],8.9,2.8,2024,New Boat on Order,205000,Slovenia
546148,Invictus GT 280,['Center Console'],8.9,2.8,2023,New boat preordered,175000,Slovenia
544283,Invictus GT 280,['Sport Boat'],8.9,2.84,2023,New Boat from Stock,197970,Croatia
541256,Invictus GT 280,['Center Console'],8.9,2.8,2023,New Boat on Order,75500,Croatia
532412,Jeanneau Prestige 30S,['Motor Yacht'],8.9,3.32,2007,Used Boat,105000,Croatia
530801,Invictus GT 280,['Cabin Cruiser'],8.9,2.84,2023,New Boat from Stock,211000,Croatia
527807,Jeanneau Merry Fisher 895 Offshore-,['Cabin Cruiser'],8.9,2.99,2022,New Boat from Stock,179900,Croatia
520188,Four Winns Horizon 280,['Sport Boat'],8.9,2.75,2003,Used Boat,55000,Croatia
551752,Monterey 295 CR,['Sport Boat'],8.84,2.77,2008,Used Boat,79800,Croatia
530144,Regal 2760 Commodore,"['Cabin Cruiser', 'Sport Boat']",8.84,2.77,1999,Used Boat,34800,Croatia
548092,Grandezza 28 OC,['Sport Boat'],8.8,2.85,2022,Used Boat,199000,Croatia
547557,Grandezza 28 OC,['Hardtop'],8.8,2.85,2023,Used Boat,199000,Croatia
527271,Knierim Yachtbau Legend 28,['Motor Yacht'],8.8,2.65,2003,Used Boat,90000,Croatia
537548,Bestyear 880 Craft,['Sport Boat'],8.8,2.68,2014,Used Boat,29500,Croatia
466147,Custom VSR 8.8 PRO,['RIB'],8.8,2.7,2008,Used Boat,55000,Croatia
416847,Grandezza 28 OC,['Sport Boat'],8.8,2.85,2023,New boat preordered,181000,Croatia
393510,Fjord 880 AC,['Sport Boat'],8.8,3.15,1987,Used Boat,35900,Croatia
548286,Rinker 260 EC,['Motor Yacht'],8.79,2.59,2007,Used Boat,49000,Croatia
514397,Chaparral 275 SSi,['Sport Boat'],8.79,2.74,2007,Used Boat,60000,Croatia
422446,Rinker 260,['Sport Boat'],8.79,2.59,2008,Used Boat,70000,Croatia
552074,Calafuria Scorpionero 950,['Cabin Cruiser'],8.76,2.96,2007,Used Boat,59500,Croatia
247145,Crownline 270 cr,['Sport Boat'],8.75,2.6,2007,Used Boat,55000,Croatia
465094,Crownline 270 CR,['Sport Boat'],8.7,2.59,2008,Used Boat,49900,Croatia
548789,"SunRunner Ultra 3,0",['Motor Yacht'],8.66,3.2,1990,Used Boat,36000,Croatia
551521,Sea ray Sundancer 280 DA,"['Cabin Cruiser', 'Motor Yacht', 'Trawler']",8.65,2.74,1992,Used Boat,38000,Croatia
543067,Maxum 270 SC,['Motor Yacht'],8.65,2.87,2005,Used Boat,44900,Croatia
548943,Four Winns Vista 278,"['Cabin Cruiser', 'Motor Yacht', 'Sport Boat']",8.64,2.59,2007,Used Boat,45000,Croatia
474355,Poly Form TRIAKIS C 30,['Cabin Cruiser'],8.62,3.2,2007,Used Boat,75000,Croatia
546551,Maxum 2700 SCR,"['Motor Yacht', 'Sport Boat']",8.59,2.9,2002,Used Boat,49900,Croatia
549802,Sea Ray 260 Sundancer,['Motor Yacht'],8.5,2.59,2000,Used Boat,59500,Croatia
546562,Jeanneau SUN ODYSSEY 29.2,['Sailing Yacht'],8.5,2.98,2002,Used Boat,39500,Slovenia
545068,Mimi Libeccio 8.5 classic,['Classic Power Boat'],8.5,2.5,2023,New Boat from Stock,99471,Croatia
530018,850,['RIB'],8.5,2.65,2022,Used Boat,108000,Croatia
426125,Hysucat 28,['RIB'],8.5,2.9,2019,Used Boat,65000,Croatia
551005,Saxdor 270 GTO,['Cabin Cruiser'],8.45,2.6,2023,New Boat from Stock,149860,Croatia
535791,Saxdor 270 GTO,['Cabin Cruiser'],8.45,2.6,2023,New Boat from Stock,161000,Croatia
503701,Gibert Marine Gib Sea 84,['Sailing Yacht'],8.4,3.05,1985,Used Boat,19900,Croatia
496931,Stimson 28,['Regatta Boat'],8.4,2.85,2005,Used Boat,39000,Croatia
540202,Airon Marine AMX28,['Sport Boat'],8.34,2.5,2023,New Boat from Stock,198000,Slovenia
549543,Trapper 500,['Sailing Yacht'],8.33,2.85,1979,Used Boat,15500,Croatia
551218,Sessa Dorado 26,['Motor Yacht'],8.3,2.7,2008,Used Boat,44900,Croatia
548575,SAGA 27AK,"['Cabin Cruiser', 'Trawler']",8.3,2.75,1985,Used Boat,19900,Croatia
415802,Piculjan Marine RAB 720,['Pilothouse'],8.3,2.75,2000,Used Boat,53900,Croatia
551071,2BAR 82,['RIB'],8.2,3.3,2023,New Boat on Order,64600,Croatia
546957,Viko 27,['Sailing Yacht'],8.2,2.5,2006,Used Boat,25000,Slovenia
545888,Kajütboot,['Cabin Cruiser'],8.2,2.8,2012,Used Boat,62000,Croatia
466231,Jeanneau Yarding 27,['Sport Boat'],8.2,3.0,2023,New Boat from Stock,82830,Slovenia
526662,Neptun Werft NEPTUN 27,['Keelboat'],8.15,2.5,1978,Used Boat,9000,Croatia
551115,Crownline Crowline 270CR,"['Cabin Cruiser', 'Motor Yacht', 'Sport Boat']",8.1,2.59,2005,Used Boat,69000,Croatia
549998,Nordkapp Noblesse 790,['Sport Boat'],8.1,2.5,2017,Used Boat,79900,Croatia
530810,Capoforte CX 270,['Cabin Cruiser'],8.1,2.7,2023,New Boat from Stock,153000,Croatia
355761,Crownline 270 CR,['Deck Boat'],8.1,2.6,2007,Used Boat,50000,Croatia
548854,Maxum 2500SE,"['Cabin Cruiser', 'Classic Power Boat', 'Sport Boat']",8.05,2.59,2008,Used Boat,49900,Croatia
552053,SAVER 750,"['Cabin Cruiser', 'Classic Power Boat', 'Motor Yacht']",8.0,2.55,2017,Used Boat,96000,Croatia
519289,HIP rip,['RIB'],8.0,3.03,2016,Used Boat,63500,Croatia
524009,Capelli TEMPEST 800,['RIB'],8.0,3.0,2018,Used Boat,74000,Croatia
430491,Regal 28 Express,['Motor Yacht'],7.98,2.3,2020,Used Boat,130000,Croatia
542311,Bénéteau Antares 9 OB,['Pilothouse'],7.98,2.95,2018,Used Boat,139000,Croatia
549911,Ho?evar 800,['Keelboat'],7.96,2.98,1987,Used Boat,12000,Croatia
550257,Sessa Oyster 25,['Motor Yacht'],7.95,2.55,2005,Used Boat,36000,Croatia
549924,Jeanneau Merry Fisher 795,['Pilothouse'],7.95,2.82,2023,Used Boat,115000,Croatia
552262,Sea Ray Sundancer 240 DA,"['Classic Power Boat', 'Motor Yacht']",7.92,2.59,2008,Used Boat,55000,Croatia
527640,Capelli TEMPEST 800 SUN,['RIB'],7.91,3.05,2019,Used Boat,78900,Croatia
541808,Albin 79,"['Daysailer', 'Sailing Yacht']",7.9,2.66,1976,Used Boat,9999,Croatia
549259,Carver 250 Express,['Motor Yacht'],7.9,2.6,1995,Used Boat,33000,Croatia
544780,Fairline Sunfury 26,['Cabin Cruiser'],7.9,2.95,1989,Used Boat,20500,Croatia
532180,Bayliner Ciera 2655,['Motor Yacht'],7.9,2.5,1997,Used Boat,28000,Croatia
550256,Sessa Key Largo 27,['Sport Boat'],7.8,2.64,2011,Used Boat,65000,Croatia
551564,Sessa S26,['Motor Yacht'],7.65,2.55,2008,Used Boat,42000,Croatia
461262,Sessa Cruiser S 26,['Cabin Cruiser'],7.65,2.5,2011,Used Boat,48800,Croatia
549860,Stingray 250 CR,"['Cabin Cruiser', 'Motor Yacht', 'Sport Boat']",7.6,2.6,2008,Used Boat,46000,Croatia
545949,Highfield 760 Sport,['RIB'],7.6,2.83,2020,Used Boat,75000,Croatia
550907,Cranchi CSL 27,['Motor Yacht'],7.51,2.83,2007,Used Boat,55000,Croatia
520050,Innovazioni Progetti FLARES 25.6,['Pilothouse'],7.49,3.0,1998,Used Boat,29000,Croatia
483821,Janmor 25 Green,['Keelboat'],7.49,2.52,2010,Used Boat,34900,Croatia
538883,Bénéteau ANTARES 7 OB,['Sport Boat'],7.48,2.5,2022,New Boat from Stock,91135,Croatia
530898,Capoforte FX 240,"['Bowrider', 'Sport Boat']",7.45,2.45,2023,New Boat from Stock,119000,Croatia
515374,Bénéteau ANTARES 7.60,['Pilothouse'],7.44,2.75,2005,Used Boat,57000,Croatia
551740,Fairline Carrera 24,['Motor Yacht'],7.34,2.88,1986,Used Boat,25000,Croatia
534142,Zodiac Medline 7.5,['RIB'],7.34,2.9,2022,Used Boat,71200,Croatia
548530,Maxum 2400 SC3,"['Cabin Cruiser', 'Motor Yacht', 'Sport Boat']",7.32,2.59,2007,Used Boat,17000,Croatia
545744,Sea Ray 255 DA,['Cabin Cruiser'],7.32,2.59,2007,Used Boat,52900,Croatia
537453,Bénéteau FLYER 7 SUNDECK,['Sport Boat'],7.26,2.45,2017,Used Boat,63000,Croatia
544403,Jeanneau Cap Camarat 7.5,['Deck Boat'],7.19,2.52,2019,Used Boat,72900,Croatia
531279,Jeanneau Cap Camarat 7.5,['Center Console'],7.19,2.52,2016,Used Boat,55900,Croatia
546595,Bayliner Ciera 2452CD Express Cruiser,"['Hardtop', 'Motor Yacht']",7.18,2.54,1999,Used Boat,19500,Croatia
543568,Cranchi 21 Ellipse,"['Cabin Cruiser', 'Sport Boat']",7.05,2.48,1997,Used Boat,25800,Croatia
552446,Rinker V190,['Sport Boat'],7.0,2.6,1990,Used Boat,5500,Croatia
551592,Regal 2250 Cuddy,"['Motor Yacht', 'Wakeboard/Wakesurf', 'Water Ski']",7.0,2.59,2007,Used Boat,25995,Croatia
519425,Fjord 23,['Cabin Cruiser'],7.0,2.5,1980,Used Boat,23000,Croatia
511503,Custom Family Cruiser 7 Meters,['Motor Yacht'],6.98,2.5,2000,Used Boat,13000,Croatia
500197,Renier R8,['RIB'],6.97,3.18,2022,New Boat from Stock,99000,Croatia
536337,Sea Ray Sunsport 240,['Sport Boat'],6.96,2.55,2008,Used Boat,39900,Croatia
517774,Nordkapp 655 Nobless,['Sport Boat'],6.95,2.5,2017,Used Boat,52000,Croatia
550117,Jeanneau Merry Fisher 705 IB,['Classic Power Boat'],6.92,2.77,2009,Used Boat,45000,Croatia
550788,Sessa Key Largo 24,['Sport Boat'],6.9,2.5,2013,Used Boat,56000,Croatia
547215,Quicksilver Captur 690 Arvor,['Classic Power Boat'],6.88,2.54,2023,New boat preordered,38500,Croatia
550515,Regal 6.8 Ventura,"['Cabin Cruiser', 'Sport Boat']",6.83,2.6,1999,Used Boat,25000,Croatia
509130,Cranchi 760 Clipper Cruiser,"['Motor Yacht', 'Sport Boat']",6.8,2.48,1990,Used Boat,15900,Croatia
530286,MasterCraft X-STAR XSTAR X STAR,"['Bowrider', 'Sport Boat', 'Wakeboard/Wakesurf']",6.78,2.54,2007,Used Boat,69000,Croatia
534993,Karnic 602 SL,['Cabin Cruiser'],6.7,2.45,2022,Used Boat,52500,Croatia
524199,Monterey 194 FS,"['Bowrider', 'Sport Boat']",6.6,2.5,2008,Used Boat,19000,Croatia
552313,"ZAR Formenti Zar 65 Suite, Suzuki 200 PS, wie",['RIB'],6.5,2.55,2021,Used Boat,89000,Croatia
551458,"Jeanneau Cap Camarat 6,5 CD",['Motor Yacht'],6.5,2.5,2023,New boat preordered,87750,Slovenia
538601,Quicksilver Cruiser 625,"['Bowrider', 'Cabin Cruiser', 'Sport Boat']",6.45,2.47,2002,Used Boat,16500,Croatia
547418,Bayliner 652 CU,"['Motor Yacht', 'Sport Boat']",6.22,2.44,2006,Used Boat,22500,Croatia
551214,2BAR 62,['RIB'],6.2,2.5,2023,Used Boat,45000,Croatia
547331,Jeanneau Sun 2000,['Daysailer'],6.2,2.55,2011,Used Boat,22500,Slovenia
540139,Galeon Galia 630 Sundeck,"['Cabin Cruiser', 'Motor Yacht', 'Sport Boat']",6.19,2.48,2016,Used Boat,38000,Croatia
530812,Capoforte SX 200,"['Bowrider', 'Sport Boat']",6.1,2.5,2022,New Boat from Stock,42500,Croatia
532262,Saxdor 200 SPORT,['Sport Boat'],5.94,2.33,2022,Used Boat,55000,Croatia
490535,Saxdor 200 Pro Sport - MERCURY 175 V6 XL DTS,['Sport Boat'],5.94,2.29,2020,Used Boat,34900,Croatia
538620,Zodiac Medline 580,['RIB'],5.8,2.54,2022,New Boat from Stock,31000,Croatia
534282,Zodiac Medline 580,['RIB'],5.8,2.54,2022,Used Boat,34900,Croatia
527390,GALA V580F,['RIB'],5.8,2.5,2021,Used Boat,29900,Croatia
542037,2BAR 57,['RIB'],5.7,2.5,2023,New Boat from Stock,19850,Croatia
512171,Bénéteau Seascape 18,['Daysailer'],5.5,2.37,2014,Used Boat,19999,Slovenia
516580,Quicksilver 605 Pilothouse,['Pilothouse'],5.5,2.54,2022,Used Boat,49500,Croatia
364643,Walker Bay Generation 525 DLX,['RIB'],5.25,2.44,2023,New Boat from Stock,11140,Croatia
518821,Boston Whaler 160 DA,['Sport Boat'],4.97,2.16,2000,Used Boat,20000,Croatia
548802,Zodiac Yachtline 490 Deluxe,['RIB'],4.9,2.05,2023,New boat preordered,29750,Slovenia
537003,Zodiac Yachtline 440 NEO,['RIB'],4.4,1.86,2020,Used Boat,30990,Slovenia
411579,Avon 380 SEASPORT,['RIB'],3.8,1.9,2012,Used Boat,9500,Croatia
547028,Novomar NM 370,['Foldable Inflatable Boat'],3.7,1.9,2023,New boat preordered,23404,Slovenia
527159,GALA Viking V360,['RIB'],3.6,1.86,2023,New boat preordered,19590,Slovenia
546871,GALA V330,['RIB'],3.3,1.72,2021,New Boat from Stock,14500,Croatia
532387,Pirelli J33 Jet,['RIB'],3.3,1.67,2018,Used Boat,18900,Croatia
550915,Zodiac 3.20,['RIB'],3.2,1.8,2023,New boat preordered,18240,Slovenia
542052,Williams 285 Turbojet,['RIB'],2.9,1.6,2010,Used Boat,11450,Croatia
537400,Tiwal 2 Yellow furling sail 5.60 m2,['Dinghy'],2.8,1.5,2021,Used Boat,9000,Croatia
548807,Zodiac Cadet RIB compact 250,['RIB'],2.5,1.56,2019,Used Boat,1500,Croatia
